"DATE TIME (UTC)","MMSI","LATITUDE","LONGITUDE","COURSE","SPEED","HEADING","IMO","NAME","CALLSIGN","AISTYPE","A","B","C","D","DRAUGHT","DESTINATION","ETA"
"2018-10-23 00:58:01",477166400,18.90669,72.84819,309.5,0.1,215,9827944,"HAI SHENG           ","VRRP9  ",80,146,31,19,8,5.4,"FUJAIRAH            ","10-26 04:00"
"2018-10-23 00:58:01",419000392,18.93804,72.85991,289.5,0.0,511,0,"","",0,0,0,0,0,0.0,"","00-00 24:60"
"2018-10-23 00:58:01",419001175,18.91602,72.91138,218.7,0.2,211,0,"MODAK","AWRH",0,0,0,0,0,2.3,"MUMBAI","01-01 00:00"
"2018-10-23 00:58:02",419000346,18.93963,72.84346,219.3,0.1,511,8216552,"MV SUMAYLA ONE","AVNG",90,11,49,3,9,3.2,"MUMBAI PLT STN","10-22 06:00"
"2018-10-23 00:58:03",636014469,18.94097,72.89935,203.0,0.0,56,9440382,"MIKELA P.           ","A8UB7  ",89,231,43,32,16,10.3,"MUMBAI              ","10-22 03:30"
"2018-10-23 00:58:03",419901305,18.95243,72.86246,0.0,0.0,511,0,"M.V. SHARAVATI","8TYC",70,55,15,6,7,3.5,"MUMBAI","03-27 00:00"
"2018-10-23 00:58:03",419001104,18.92930,72.84059,152.9,0.7,140,412000045,"WARSHIP 412        ","AWOO",0,18,30,4,4,0.0,"","00-00 24:60"
"2018-10-23 00:58:04",419001117,18.92811,72.86803,159.9,0.1,172,9126039,"TAG 20              ","AWPB   ",70,21,67,9,9,5.0,"BFL                 ","08-30 14:00"
"2018-10-23 00:58:05",419001071,18.94115,72.08527,287.8,1.7,299,0,"","",0,0,0,0,0,0.0,"","00-00 24:60"
"2018-10-23 00:58:05",419000339,18.91518,72.91109,203.0,0.0,234,0,"T203                ","AVMZ   ",90,5,8,2,2,0.9,"=                   ","00-00 24:60"
"2018-10-23 00:58:06",419060900,18.94382,72.84131,312.0,0.0,192,9371880,"TAG MAMTA           ","AULD   ",52,15,21,7,3,3.8,"MUMBAI              ","11-07 01:00"
"2018-10-23 00:58:07",419059400,18.94078,72.85760,66.7,0.0,511,8217568,"OCEAN CREST         ","AUJV   ",52,10,26,3,7,3.9,"P&V MUMBAI ANCHORAGE","10-21 21:00"
"2018-10-23 00:58:08",419901485,18.88291,72.82769,194.2,5.7,194,0,"","",0,0,0,0,0,0.0,"","00-00 24:60"
"2018-10-23 00:58:08",419000294,18.92679,72.86434,286.9,0.0,200,9547233,"SCI PAWAN           ","AVLI   ",90,20,46,5,11,5.0,"MUMBAI              ","10-19 18:00"
"2018-10-23 00:58:10",419055600,18.94521,72.85693,10.4,2.6,7,9142679,"ANTAREJA            ","AUIA   ",33,24,23,5,6,2.8,"MUMBAI              ","09-26 08:00"
"2018-10-23 00:58:10",565653000,18.93358,72.89370,58.0,11.8,58,9326421,"WAN HAI 509         ","9VJJ7  ",70,209,59,11,21,12.3,"NSA                 ","10-23 06:30"
"2018-10-23 00:58:10",477209200,18.94199,72.69238,16.0,0.1,321,0,"","",0,0,0,0,0,0.0,"","00-00 24:60"
"2018-10-23 00:58:11",419000694,18.93148,72.84127,200.1,0.3,511,0,"T239","AVYY",99,0,0,0,0,0.0,"","00-00 24:60"
"2018-10-23 00:58:13",419100037,18.92721,72.83856,76.9,0.0,511,0,"","",0,0,0,0,0,0.0,"","00-00 24:60"
"2018-10-23 00:58:13",419017300,18.90897,72.86115,205.0,9.3,213,10267904,"DCI DREDGE_16","VWXU",90,30,92,11,9,0.0,"","00-00 00:00"
"2018-10-23 00:58:14",419001069,18.95677,72.86177,212.0,0.0,511,0,"","",0,0,0,0,0,0.0,"","00-00 24:60"
"2018-10-23 00:58:15",419000791,18.95487,72.85395,253.8,0.0,511,8849361,"VMS 21              ","AWCR   ",90,175,13,15,15,1.5,"MUMBAI              ","12-02 02:00"
"2018-10-23 00:58:16",419701000,18.89596,72.85279,210.3,8.2,208,9471939,"OCEAN     DIAMOND   ","AUUF   ",90,10,60,11,6,4.4,"PILOT STN           ","10-22 21:30"
"2018-10-23 00:58:16",419001364,18.93145,72.86625,294.0,0.0,191,9299082,"PRIYA TWENTY THREE  ","AWYL   ",90,17,50,7,8,4.4,"MUMBAI              ","10-06 16:00"
"2018-10-23 00:58:17",419088600,18.92942,72.86110,205.4,0.0,511,9428566,"PFS COURAGE         ","AVBG   ",52,8,55,2,13,4.4,"MUMBAI              ","10-19 22:00"
"2018-10-23 00:58:17",477759700,18.93082,72.88578,241.0,11.4,240,9535149,"MOL GRANDEUR","VRIQ8",74,199,76,20,20,12.0,"LKCMB","10-25 14:30"
"2018-10-23 00:58:19",419322000,18.93063,72.86048,137.0,0.0,333,8316766,"SAMUDRA SHAUDHIKAMA ","VWSK   ",99,10,25,4,4,2.4,"MUMBAI              ","08-18 13:00"
"2018-10-23 00:58:20",305078000,18.93866,72.84127,273.4,0.0,281,9402043,"BBC CAROLINA        ","V2CQ3  ",70,125,13,6,15,6.9,"MUMBAI              ","10-21 15:15"
"2018-10-23 00:58:21",419001050,18.92571,72.86917,303.7,0.1,194,9169354,"TAG 19              ","AWMM   ",70,12,54,12,4,5.8,"NHAVA               ","07-18 08:00"
"2018-10-23 00:58:21",419003606,18.98545,72.89814,0.0,0.0,511,0,"MPB III","AVBK",70,58,12,12,4,0.0,"","00-00 24:60"
"2018-10-23 00:58:22",419001070,18.91916,72.86747,218.7,7.3,220,9724398,"CREST MERCURY ONE   ","AWNG   ",52,8,57,11,5,5.0,"BFL                 ","10-22 05:00"
"2018-10-23 00:58:23",419093700,18.93487,72.26761,49.3,0.1,29,0,"","",0,0,0,0,0,0.0,"","00-00 24:60"
"2018-10-23 00:58:24",304921000,18.93399,72.84472,340.1,1.6,175,9487213,"HANNAH S","V2GX9",79,150,39,17,15,10.1,"MUMBAI","10-20 06:30"
"2018-10-23 00:58:25",419000185,18.93483,72.84450,333.0,1.4,511,9603582,"TAGRAJVIR","AVHZ",0,0,0,0,0,0.0,"","00-00 00:00"
"2018-10-23 00:58:26",419000147,18.96262,72.85867,255.0,0.0,511,0,"SURYA SHAKTI","AVGN",52,10,15,6,2,0.0,"","00-00 24:60"
"2018-10-23 00:58:28",419047300,18.95655,72.84838,0.0,0.0,511,8873439,"MV RAAVI","AUEJ",90,0,34,0,7,1.5,"MUMBAI","05-27 10:00"
"2018-10-23 00:58:29",419900778,18.89551,72.85320,211.4,8.2,511,0,"","",0,0,0,0,0,0.0,"","00-00 24:60"
"2018-10-23 00:58:29",419264000,18.94129,72.86181,86.2,0.0,511,8308513,"ALBATROSS 07  ","VWSB",99,8,50,7,5,4.4,"MUMBAI","00-00 18:50"
"2018-10-23 00:58:30",419074100,18.95485,72.85390,177.5,0.1,511,8924563,"MEENAKSHI           ","AUSM   ",99,0,0,0,0,2.0,"MUMBAI              ","07-03 10:08"
"2018-10-23 00:58:30",538007298,18.90036,72.87013,75.6,0.0,189,9760160,"INDIGO BREEZE       ","V7FC8  ",70,170,29,22,10,8.4,"MUMBAI ""INNER"" ANCHO","10-18 08:30"
"2018-10-23 00:58:31",419901213,18.90918,72.82622,339.2,0.0,339,0,"VAIBHAV LAXMI","",0,0,0,0,0,0.0,"","00-00 24:60"
"2018-10-23 00:58:32",419076800,18.94721,72.86115,69.4,0.0,511,9510163," OFFSHORE RUNNER    ","AURQ   ",90,8,39,7,3,2.5,"TAPTI               ","05-28 16:00"
"2018-10-23 00:58:32",419901712,18.95767,72.85053,210.3,0.0,210,0,"KAVI KANYA","8WGD",30,10,4,3,2,0.0,"","00-00 24:60"
"2018-10-23 00:58:32",419000346,18.93963,72.84346,219.3,0.1,511,8216552,"MV SUMAYLA ONE","AVNG",90,11,49,3,9,3.2,"MUMBAI PLT STN","10-22 06:00"
"2018-10-23 00:58:33",419001104,18.92919,72.84069,151.7,0.8,133,412000045,"WARSHIP 412        ","AWOO",0,18,30,4,4,0.0,"","00-00 24:60"
"2018-10-23 00:58:34",419058400,18.94173,72.85762,337.0,0.0,511,8218108,"MV KAMRUP","AUJC",52,15,23,4,5,3.2,"MUMBAI","05-29 14:00"
"2018-10-23 00:58:34",419000218,19.22348,72.06006,0.7,1.2,52,0,"","",0,0,0,0,0,0.0,"","00-00 24:60"
"2018-10-23 00:58:34",419001117,18.92811,72.86803,145.9,0.1,171,9126039,"TAG 20              ","AWPB   ",70,21,67,9,9,5.0,"BFL                 ","08-30 14:00"
"2018-10-23 00:58:35",419000339,18.91519,72.91109,207.6,0.0,234,0,"T203                ","AVMZ   ",90,5,8,2,2,0.9,"=                   ","00-00 24:60"
"2018-10-23 00:58:36",419001106,18.93682,72.85807,178.7,0.0,204,9429596,"MARIA               ","AWOQ   ",96,9,40,7,6,3.6,"MUMBAI              ","07-05 12:30"
"2018-10-23 00:58:36",419000359,18.91452,72.87312,29.5,2.1,511,0,"MPB-10","AVNT",70,60,5,10,3,0.0,"","00-00 24:60"
"2018-10-23 00:58:37",419059400,18.94078,72.85760,105.6,0.0,511,8217568,"OCEAN CREST         ","AUJV   ",52,10,26,3,7,3.9,"P&V MUMBAI ANCHORAGE","10-21 21:00"
"2018-10-23 00:58:37",419060900,18.94378,72.84130,3.0,0.0,192,9371880,"TAG MAMTA           ","AULD   ",52,15,21,7,3,3.8,"MUMBAI              ","11-07 01:00"
"2018-10-23 00:58:39",419001175,18.91605,72.91138,218.7,0.1,210,0,"MODAK","AWRH",0,0,0,0,0,2.3,"MUMBAI","01-01 00:00"
"2018-10-23 00:58:40",419055600,18.94557,72.85698,10.2,2.6,7,9142679,"ANTAREJA            ","AUIA   ",33,24,23,5,6,2.8,"MUMBAI              ","09-26 08:00"
"2018-10-23 00:58:40",565653000,18.93433,72.89505,58.0,11.7,58,9326421,"WAN HAI 509         ","9VJJ7  ",70,209,59,11,21,12.3,"NSA                 ","10-23 06:30"
"2018-10-23 00:58:40",419900630,18.94971,72.85649,339.9,3.1,511,0,"","",0,0,0,0,0,0.0,"","00-00 24:60"
"2018-10-23 00:58:41",419901305,18.95169,72.86265,115.9,1.7,511,0,"M.V. SHARAVATI","8TYC",70,55,15,6,7,3.5,"MUMBAI","03-27 00:00"
"2018-10-23 00:58:41",538004315,18.90119,72.85095,34.3,0.1,143,9572082,"ANJELIQUE D         ","V7WJ4  ",79,171,26,12,20,8.3,"ID MDA>ID DHT       ","10-13 19:30"
"2018-10-23 00:58:42",419083800,18.94288,72.85945,0.0,0.0,511,0,"OCEAN NECTAR","AUZB",52,24,5,3,5,0.0,"","00-00 24:60"
"2018-10-23 00:58:42",419900862,18.95162,72.84654,0.0,0.0,511,0,"M.V. SAAHA","8TGX",80,40,20,5,8,0.0,"","00-00 24:60"
"2018-10-23 00:58:43",419090700,18.95397,72.86238,271.4,0.1,210,0,"","",0,0,0,0,0,0.0,"","00-00 24:60"
"2018-10-23 00:58:43",419017300,18.90783,72.86050,209.0,9.3,218,10267904,"DCI DREDGE_16","VWXU",90,30,92,11,9,0.0,"","00-00 00:00"
"2018-10-23 00:58:44",419001069,18.95677,72.86176,212.0,0.0,511,0,"","",0,0,0,0,0,0.0,"","00-00 24:60"
"2018-10-23 00:58:45",419255000,18.94440,72.86090,271.0,0.0,183,0,"","",0,0,0,0,0,0.0,"","00-00 24:60"
"2018-10-23 00:58:45",419000791,18.95487,72.85395,192.2,0.1,511,8849361,"VMS 21              ","AWCR   ",90,175,13,15,15,1.5,"MUMBAI              ","12-02 02:00"
"2018-10-23 00:58:46",419701000,18.89499,72.85220,210.4,8.2,208,9471939,"OCEAN     DIAMOND   ","AUUF   ",90,10,60,11,6,4.4,"PILOT STN           ","10-22 21:30"
"2018-10-23 00:58:46",419097600,18.93497,72.87011,335.5,0.0,181,9549554,"TAG-8               ","AVED   ",90,17,55,8,12,4.5,"P&V (MUMBAI)        ","10-22 18:35"
"2018-10-23 00:58:47",205744000,18.88087,72.83643,202.5,0.0,203,9187473,"VASCO DA GAMA       ","ORST   ",90,56,151,18,18,10.0,"MUMB                ","08-20 10:00"
"2018-10-23 00:58:47",477759700,18.93003,72.88435,238.0,11.6,238,9535149,"MOL GRANDEUR","VRIQ8",74,199,76,20,20,12.0,"LKCMB","10-25 14:30"
"2018-10-23 00:58:48",419001227,18.89633,72.86258,288.0,0.0,191,9482110,"GANGA K             ","AWTF   ",70,175,23,19,13,10.3,"MUMBAI B3           ","10-20 22:00"
"2018-10-23 00:58:48",419000294,18.92679,72.86434,286.9,0.0,200,9547233,"SCI PAWAN           ","AVLI   ",90,20,46,5,11,5.0,"MUMBAI              ","10-19 18:00"
"2018-10-23 00:58:49",419322000,18.93062,72.86048,137.0,0.0,332,8316766,"SAMUDRA SHAUDHIKAMA ","VWSK   ",99,10,25,4,4,2.4,"MUMBAI              ","08-18 13:00"
"2018-10-23 00:58:51",419001268,19.04348,72.56642,50.0,0.2,322,0,"","",0,0,0,0,0,0.0,"","00-00 24:60"
"2018-10-23 00:58:51",419001050,18.92572,72.86918,303.7,0.1,194,9169354,"TAG 19              ","AWMM   ",70,12,54,12,4,5.8,"NHAVA               ","07-18 08:00"
"2018-10-23 00:58:52",419001070,18.91842,72.86692,218.9,7.4,219,9724398,"CREST MERCURY ONE   ","AWNG   ",52,8,57,11,5,5.0,"BFL                 ","10-22 05:00"
"2018-10-23 00:58:53",645314000,18.94237,72.86068,264.0,0.0,194,9413482,"M.V.BEAS DOLPHIN    ","3 BRJ  ",90,10,53,5,10,4.0,"MUMBAI              ","06-21 01:00"
"2018-10-23 00:58:55",419000162,19.12223,71.83862,288.7,6.8,295,0,"","",0,0,0,0,0,0.0,"","00-00 24:60"
"2018-10-23 00:58:55",419000185,18.93517,72.84450,342.0,1.5,511,9603582,"TAGRAJVIR","AVHZ",0,0,0,0,0,0.0,"","00-00 00:00"
"2018-10-23 00:58:55",304921000,18.93422,72.84466,354.0,1.7,179,9487213,"HANNAH S","V2GX9",79,150,39,17,15,10.1,"MUMBAI","10-20 06:30"
"2018-10-23 00:58:56",419001364,18.93145,72.86625,294.0,0.0,188,9299082,"PRIYA TWENTY THREE  ","AWYL   ",90,17,50,7,8,4.4,"MUMBAI              ","10-06 16:00"
"2018-10-23 00:58:57",419088600,18.92942,72.86111,202.9,0.0,511,9428566,"PFS COURAGE         ","AVBG   ",52,8,55,2,13,4.4,"MUMBAI              ","10-19 22:00"
"2018-10-23 00:58:57",419778000,18.92563,72.42245,306.0,0.0,34,9371749,"DESH VISHAL         ","AUTP   ",81,279,54,32,28,21.1,"MUMBAI LPO          ","10-19 02:00"
"2018-10-23 00:58:58",419000645,18.93422,72.86256,284.1,0.0,193,9474474,"TAG 10              ","AVXB   ",90,10,58,5,11,4.5,"MUMBAI P&V          ","10-21 10:50"
"2018-10-23 00:58:59",419001356,18.94665,72.84507,23.0,0.0,192,9486295,"KEDAR NATH          ","AWYD   ",70,99,21,9,8,6.7," MUMBAI             ","10-22 06:00"
"2018-10-23 00:59:00",419001344,18.90198,72.86447,262.0,0.1,207,9331933,"SRI GANESH          ","AWXR   ",70,163,27,20,12,10.0,"MUMBAI PLTSTN       ","10-21 10:15"
"2018-10-23 00:59:00",419001375,18.95576,72.90874,339.6,0.0,7,9207716,"LOYALTY             ","AWYW   ",81,147,35,17,15,8.6,"MUMBAI              ","10-21 02:00"
"2018-10-23 00:59:01",419901205,18.94365,72.84578,266.3,0.0,511,0,"SEA MASTER-2        ","8TUG   ",80,65,7,8,8,0.0,"","00-00 24:60"
"2018-10-23 00:59:02",419093700,18.93487,72.26763,78.3,0.1,32,0,"","",0,0,0,0,0,0.0,"","00-00 24:60"
"2018-10-23 00:59:02",419100037,18.92719,72.83857,360.0,0.0,511,0,"","",0,0,0,0,0,0.0,"","00-00 24:60"
"2018-10-23 00:59:02",419000346,18.93961,72.84338,185.6,0.1,511,8216552,"MV SUMAYLA ONE","AVNG",90,11,49,3,9,3.2,"MUMBAI PLT STN","10-22 06:00"
"2018-10-23 00:59:03",566596000,19.29032,72.04685,353.0,3.4,351,0,"","",0,0,0,0,0,0.0,"","00-00 24:60"
"2018-10-23 00:59:03",419001104,18.92913,72.84082,148.6,1.9,135,412000045,"WARSHIP 412        ","AWOO",0,18,30,4,4,0.0,"","00-00 24:60"
"2018-10-23 00:59:04",419001117,18.92811,72.86803,166.4,0.1,171,9126039,"TAG 20              ","AWPB   ",70,21,67,9,9,5.0,"BFL                 ","08-30 14:00"
"2018-10-23 00:59:05",636092808,18.91553,72.87600,57.7,0.1,187,9385300,"ALTUS UBER          ","D5PA9  ",34,30,73,10,9,5.6,"MUMBAI              ","05-30 20:01"
"2018-10-23 00:59:05",419000339,18.91519,72.91108,199.2,0.1,234,0,"T203                ","AVMZ   ",90,5,8,2,2,0.9,"=                   ","00-00 24:60"
"2018-10-23 00:59:05",419001353,18.94140,72.91995,253.9,6.6,234,0,"","",0,0,0,0,0,0.0,"","00-00 24:60"
"2018-10-23 00:59:07",419059400,18.94078,72.85760,109.9,0.0,511,8217568,"OCEAN CREST         ","AUJV   ",52,10,26,3,7,3.9,"P&V MUMBAI ANCHORAGE","10-21 21:00"
"2018-10-23 00:59:07",419093300,18.94535,72.86298,0.0,0.0,511,9253557,"OFFSHORE SUPPORTER","AVCZ",90,18,38,10,4,4.0,"P & V","05-26 07:00"
"2018-10-23 00:59:08",419047300,18.95655,72.84838,0.0,0.0,511,8873439,"MV RAAVI","AUEJ",90,0,34,0,7,1.5,"MUMBAI","05-27 10:00"
"2018-10-23 00:59:08",419001084,18.96018,72.86843,314.4,0.1,80,0,"","",0,0,0,0,0,0.0,"","00-00 24:60"
"2018-10-23 00:59:10",419055600,18.94592,72.85707,13.3,2.6,10,9142679,"ANTAREJA            ","AUIA   ",33,24,23,5,6,2.8,"MUMBAI              ","09-26 08:00"
"2018-10-23 00:59:10",419697000,18.94630,72.87069,0.0,0.0,511,8407979,"MV SAGA","AUUD",90,10,42,5,10,3.2,"MUMBAI","12-27 12:32"
"2018-10-23 00:59:10",419074100,18.95485,72.85389,157.0,0.1,511,8924563,"MEENAKSHI           ","AUSM   ",99,0,0,0,0,2.0,"MUMBAI              ","07-03 10:08"
"2018-10-23 00:59:10",565653000,18.93518,72.89652,58.0,11.6,58,9326421,"WAN HAI 509         ","9VJJ7  ",70,209,59,11,21,12.3,"NSA                 ","10-23 06:30"
"2018-10-23 00:59:10",477202200,18.93431,72.36294,156.0,0.1,61,9804289,"COSNEW LAKE","VRSA3",89,278,55,35,25,12.0,"MUMBAI","10-07 12:00"
"2018-10-23 00:59:11",419076800,18.94720,72.86117,97.6,0.1,511,9510163," OFFSHORE RUNNER    ","AURQ   ",90,8,39,7,3,2.5,"TAPTI               ","05-28 16:00"
"2018-10-23 00:59:11",419001175,18.91604,72.91138,360.0,0.0,210,0,"MODAK","AWRH",0,0,0,0,0,2.3,"MUMBAI","01-01 00:00"
"2018-10-23 00:59:12",419900630,18.95013,72.85629,333.2,3.1,511,0,"","",0,0,0,0,0,0.0,"","00-00 24:60"
"2018-10-23 00:59:12",419901305,18.95161,72.86292,103.3,2.0,511,0,"M.V. SHARAVATI","8TYC",70,55,15,6,7,3.5,"MUMBAI","03-27 00:00"
"2018-10-23 00:59:12",636092031,18.89617,72.86883,10.0,0.0,187,9515759,"HAMMONIA KORSIKA    ","A8VQ8  ",70,161,29,11,21,8.5,"IN BOM              ","10-19 03:30"
"2018-10-23 00:59:13",419017300,18.90672,72.85977,209.0,9.4,216,10267904,"DCI DREDGE_16","VWXU",90,30,92,11,9,0.0,"","00-00 00:00"
"2018-10-23 00:59:14",419001069,18.95677,72.86176,212.0,0.0,511,0,"","",0,0,0,0,0,0.0,"","00-00 24:60"
"2018-10-23 00:59:15",419098600,18.90780,72.87528,201.0,0.0,511,7806075,"GEO HINDSAGAR","AVEK",90,16,57,14,2,5.8,"MUMBAI","05-15 10:00"
"2018-10-23 00:59:15",419000791,18.95486,72.85395,171.2,0.1,511,8849361,"VMS 21              ","AWCR   ",90,175,13,15,15,1.5,"MUMBAI              ","12-02 02:00"
"2018-10-23 00:59:16",419060900,18.94376,72.84128,279.0,0.0,192,9371880,"TAG MAMTA           ","AULD   ",52,15,21,7,3,3.8,"MUMBAI              ","11-07 01:00"
"2018-10-23 00:59:16",355001000,18.94087,72.84366,135.0,0.0,194,9030412," GOODMAN","3FVM7",99,20,47,8,8,3.9,"MUMBAI,INDIA","09-11 08:00"
"2018-10-23 00:59:17",419701000,18.89396,72.85157,210.1,8.2,208,9471939,"OCEAN     DIAMOND   ","AUUF   ",90,10,60,11,6,4.4,"PILOT STN           ","10-22 21:30"
"2018-10-23 00:59:17",477759700,18.92915,72.88283,238.0,11.7,238,9535149,"MOL GRANDEUR","VRIQ8",74,199,76,20,20,12.0,"LKCMB","10-25 14:30"
"2018-10-23 00:59:18",572549210,18.93802,72.86632,208.6,0.1,511,8407008,"ENERGY GIRL","T2JD4",70,19,62,11,7,3.0,"MUMBAI","01-12 12:44"
"2018-10-23 00:59:18",419000294,18.92678,72.86434,286.9,0.0,200,9547233,"SCI PAWAN           ","AVLI   ",90,20,46,5,11,5.0,"MUMBAI              ","10-19 18:00"
"2018-10-23 00:59:19",419322000,18.93062,72.86048,137.0,0.0,332,8316766,"SAMUDRA SHAUDHIKAMA ","VWSK   ",99,10,25,4,4,2.4,"MUMBAI              ","08-18 13:00"
"2018-10-23 00:59:21",419000694,18.93170,72.84120,201.8,1.1,511,0,"T239","AVYY",99,0,0,0,0,0.0,"","00-00 24:60"
"2018-10-23 00:59:21",419001050,18.92572,72.86917,303.7,0.1,193,9169354,"TAG 19              ","AWMM   ",70,12,54,12,4,5.8,"NHAVA               ","07-18 08:00"
"2018-10-23 00:59:22",419901513,18.90690,72.82744,294.0,0.0,294,0,"","",0,0,0,0,0,0.0,"","00-00 24:60"
"2018-10-23 00:59:22",419001070,18.91758,72.86617,218.3,7.4,218,9724398,"CREST MERCURY ONE   ","AWNG   ",52,8,57,11,5,5.0,"BFL                 ","10-22 05:00"
"2018-10-23 00:59:24",419562000,18.94602,72.86556,342.6,0.0,195,9304710,"CANARA PRIDE","AUHG",90,18,49,10,6,3.7,"MUMBAI ","01-02 16:00"
"2018-10-23 00:59:25",419901486,18.88042,72.82555,184.7,6.3,184,0,"","8UXL",30,14,5,4,4,0.0,"","00-00 24:60"
"2018-10-23 00:59:25",419000185,18.93533,72.84450,351.0,1.5,511,9603582,"TAGRAJVIR","AVHZ",0,0,0,0,0,0.0,"","00-00 00:00"
"2018-10-23 00:59:25",304921000,18.93444,72.84465,352.4,1.6,183,9487213,"HANNAH S","V2GX9",79,150,39,17,15,10.1,"MUMBAI","10-20 06:30"
"2018-10-23 00:59:26",311043100,18.91130,72.87083,273.0,0.0,194,9451238,"SERENE JUNIPER      ","C6YR7  ",70,160,30,12,20,11.2,"IN BOM              ","10-18 07:36"
"2018-10-23 00:59:26",419000372,18.95121,72.85724,200.0,0.0,511,9386134,"MV.CHANDRA SUN      ","AVOD   ",52,10,22,3,7,3.1,"MUMBAI              ","09-14 18:30"
"2018-10-23 00:59:27",419088600,18.92942,72.86112,230.4,0.0,511,9428566,"PFS COURAGE         ","AVBG   ",52,8,55,2,13,4.4,"MUMBAI              ","10-19 22:00"
"2018-10-23 00:59:30",419900778,18.89343,72.85217,207.3,8.1,511,0,"","",0,0,0,0,0,0.0,"","00-00 24:60"
"2018-10-23 00:59:30",419104000,18.95627,72.85913,166.6,0.0,1,9157179,"NAFISA I","VWZY",70,63,19,10,4,2.0,"MUMBAI","10-05 14:00"
"2018-10-23 00:59:30",419000218,19.22381,72.06007,359.4,1.2,53,0,"","",0,0,0,0,0,0.0,"","00-00 24:60"
"2018-10-23 00:59:31",419000359,18.91499,72.87337,26.8,1.9,511,0,"MPB-10","AVNT",70,60,5,10,3,0.0,"","00-00 24:60"
"2018-10-23 00:59:32",419093700,18.93488,72.26764,92.8,0.1,34,0,"","",0,0,0,0,0,0.0,"","00-00 24:60"
"2018-10-23 00:59:32",419000162,19.12264,71.83740,289.1,6.8,295,0,"","",0,0,0,0,0,0.0,"","00-00 24:60"
"2018-10-23 00:59:32",419000346,18.93960,72.84341,162.6,0.1,511,8216552,"MV SUMAYLA ONE","AVNG",90,11,49,3,9,3.2,"MUMBAI PLT STN","10-22 06:00"
"2018-10-23 00:59:34",419001117,18.92811,72.86803,151.3,0.1,171,9126039,"TAG 20              ","AWPB   ",70,21,67,9,9,5.0,"BFL                 ","08-30 14:00"
"2018-10-23 00:59:35",419001104,18.92883,72.84114,137.5,3.9,135,412000045,"WARSHIP 412        ","AWOO",0,18,30,4,4,0.0,"","00-00 24:60"
"2018-10-23 00:59:35",419001364,18.93145,72.86625,294.0,0.0,186,9299082,"PRIYA TWENTY THREE  ","AWYL   ",90,17,50,7,8,4.4,"MUMBAI              ","10-06 16:00"
"2018-10-23 00:59:35",419000339,18.91519,72.91108,194.6,0.0,234,0,"T203                ","AVMZ   ",90,5,8,2,2,0.9,"=                   ","00-00 24:60"
"2018-10-23 00:59:36",419901822,18.90803,72.82561,88.1,0.0,88,0,"ANGARIKA","8WKJ",30,14,5,4,4,0.0,"","00-00 24:60"
"2018-10-23 00:59:37",419059400,18.94078,72.85760,86.1,0.0,511,8217568,"OCEAN CREST         ","AUJV   ",52,10,26,3,7,3.9,"P&V MUMBAI ANCHORAGE","10-21 21:00"
"2018-10-23 00:59:38",419047300,18.95655,72.84838,0.0,0.0,511,8873439,"MV RAAVI","AUEJ",90,0,34,0,7,1.5,"MUMBAI","05-27 10:00"
"2018-10-23 00:59:38",419001353,18.94080,72.91918,230.8,5.8,230,0,"","",0,0,0,0,0,0.0,"","00-00 24:60"
"2018-10-23 00:59:40",419055600,18.94624,72.85716,12.5,2.2,8,9142679,"ANTAREJA            ","AUIA   ",33,24,23,5,6,2.8,"MUMBAI              ","09-26 08:00"
"2018-10-23 00:59:40",565653000,18.93603,72.89812,59.0,11.6,58,9326421,"WAN HAI 509         ","9VJJ7  ",70,209,59,11,21,12.3,"NSA                 ","10-23 06:30"
"2018-10-23 00:59:41",419076800,18.94720,72.86118,104.1,0.1,511,9510163," OFFSHORE RUNNER    ","AURQ   ",90,8,39,7,3,2.5,"TAPTI               ","05-28 16:00"
"2018-10-23 00:59:41",419901485,18.88055,72.82717,191.7,5.7,191,0,"","",0,0,0,0,0,0.0,"","00-00 24:60"
"2018-10-23 00:59:43",419017300,18.90555,72.85912,206.0,9.5,211,10267904,"DCI DREDGE_16","VWXU",90,30,92,11,9,0.0,"","00-00 00:00"
"2018-10-23 00:59:44",419001069,18.95676,72.86175,212.0,0.0,511,0,"","",0,0,0,0,0,0.0,"","00-00 24:60"
"2018-10-23 00:59:44",419172000,18.94123,72.84251,296.9,0.1,511,9129524,"MV GURU PRASAD","VVJO",72,66,13,5,10,2.4,"MUMBAI","09-21 18:30"
"2018-10-23 00:59:45",419000791,18.95486,72.85394,151.2,0.1,511,8849361,"VMS 21              ","AWCR   ",90,175,13,15,15,1.5,"MUMBAI              ","12-02 02:00"
"2018-10-23 00:59:47",564175000,18.92953,72.84434,301.3,0.0,350,9459137,"IVS KNOT            ","9V8840 ",70,155,21,20,8,7.5,"SHARJAH             ","10-26 23:00"
"2018-10-23 00:59:47",477759700,18.92833,72.88140,238.4,11.8,238,9535149,"MOL GRANDEUR","VRIQ8",74,199,76,20,20,12.0,"LKCMB","10-25 14:30"
"2018-10-23 00:59:48",419060900,18.94374,72.84127,143.0,0.0,192,9371880,"TAG MAMTA           ","AULD   ",52,15,21,7,3,3.8,"MUMBAI              ","11-07 01:00"
"2018-10-23 00:59:48",366771000,18.94096,72.85361,259.5,0.1,192,9303546,"ALLIANCE FAIRFAX    ","WLMQ   ",70,18,181,14,18,7.8,"INBOM MUMBAI        ","10-22 02:30"
"2018-10-23 00:59:48",419000955,18.92717,72.86059,219.3,0.0,200,9705550,"TAG15               ","AWIX   ",90,15,45,6,10,4.6,"BFL                 ","07-18 15:00"
"2018-10-23 00:59:48",419000294,18.92678,72.86434,286.9,0.0,200,9547233,"SCI PAWAN           ","AVLI   ",90,20,46,5,11,5.0,"MUMBAI              ","10-19 18:00"
"2018-10-23 00:59:49",419074100,18.95485,72.85389,161.3,0.1,511,8924563,"MEENAKSHI           ","AUSM   ",99,0,0,0,0,2.0,"MUMBAI              ","07-03 10:08"
"2018-10-23 00:59:49",419000285,18.93329,72.84496,353.2,1.9,268,9619359,"TAG LAXMI           ","AVKZ   ",52,11,19,2,7,4.0,"MUMBAI              ","12-07 09:00"
"2018-10-23 00:59:49",419322000,18.93062,72.86048,137.0,0.0,333,8316766,"SAMUDRA SHAUDHIKAMA ","VWSK   ",99,10,25,4,4,2.4,"MUMBAI              ","08-18 13:00"
"2018-10-23 00:59:49",477112100,18.90510,72.86895,328.9,0.1,212,9731901,"PACIFIC ACTIVITY    ","VRQP3  ",70,170,29,12,20,11.5,"MUMBAI              ","10-20 15:30"
"2018-10-23 00:59:50",419001175,18.91603,72.91139,360.0,0.0,210,0,"MODAK","AWRH",0,0,0,0,0,2.3,"MUMBAI","01-01 00:00"
"2018-10-23 00:59:51",419901776,18.95780,72.85086,123.6,0.0,123,0,"OM MALLIKARJUN","8WIP",30,15,5,4,4,0.0,"","00-00 24:60"
"2018-10-23 00:59:51",419901305,18.95153,72.86334,98.5,2.4,511,0,"M.V. SHARAVATI","8TYC",70,55,15,6,7,3.5,"MUMBAI","03-27 00:00"
"2018-10-23 00:59:51",419001050,18.92571,72.86917,303.7,0.0,193,9169354,"TAG 19              ","AWMM   ",70,12,54,12,4,5.8,"NHAVA               ","07-18 08:00"
"2018-10-23 00:59:52",341611000,18.92500,72.86667,73.7,0.0,511,8411047,"S CAS","V4TP3",52,65,45,4,10,5.8,"MUMBAI","10-01 12:00"
"2018-10-23 00:59:52",419901762,18.90660,72.82839,309.1,4.6,309,0,"GAJANAN SAI","8WIB",30,11,5,3,3,0.0,"","00-00 24:60"
"2018-10-23 00:59:52",419100037,18.92718,72.83857,78.8,0.0,511,0,"","",0,0,0,0,0,0.0,"","00-00 24:60"
"2018-10-23 00:59:52",419000694,18.93172,72.84121,200.6,1.8,511,0,"T239","AVYY",99,0,0,0,0,0.0,"","00-00 24:60"
"2018-10-23 00:59:53",566596000,19.29119,72.04667,349.1,4.2,352,0,"","",0,0,0,0,0,0.0,"","00-00 24:60"
"2018-10-23 00:59:53",419000125,18.92122,72.88009,347.2,0.1,212,9547257,"S.C.I AHIMSA        ","AVFU   ",99,18,47,4,12,4.7,"BFL                 ","09-18 07:30"
"2018-10-23 00:59:55",419701000,18.89269,72.85082,209.6,8.2,209,9471939,"OCEAN     DIAMOND   ","AUUF   ",90,10,60,11,6,4.4,"PILOT STN           ","10-22 21:30"
"2018-10-23 00:59:55",419000185,18.93550,72.84433,351.0,1.4,511,9603582,"TAGRAJVIR","AVHZ",0,0,0,0,0,0.0,"","00-00 00:00"
"2018-10-23 00:59:55",304921000,18.93466,72.84461,349.1,1.5,184,9487213,"HANNAH S","V2GX9",79,150,39,17,15,10.1,"MUMBAI","10-20 06:30"
"2018-10-23 00:59:57",419551000,18.91203,72.87848,330.7,0.0,511,7430541,"SEA CONQUEST","AUJB",52,7,50,10,3,0.0,"","00-00 00:00"
"2018-10-23 00:59:57",419088600,18.92942,72.86113,227.8,0.0,511,9428566,"PFS COURAGE         ","AVBG   ",52,8,55,2,13,4.4,"MUMBAI              ","10-19 22:00"
"2018-10-23 01:00:04",354767000,18.94488,72.84378,179.0,0.0,194,9300908,"IBI                 ","3EAR2  ",70,121,28,9,15,8.0,"IN BOM              ","10-21 22:30"
"2018-10-23 01:00:04",419001117,18.92811,72.86804,133.8,0.1,171,9126039,"TAG 20              ","AWPB   ",70,21,67,9,9,5.0,"BFL                 ","08-30 14:00"
"2018-10-23 01:00:05",419001364,18.93145,72.86625,294.0,0.0,184,9299082,"PRIYA TWENTY THREE  ","AWYL   ",90,17,50,7,8,4.4,"MUMBAI              ","10-06 16:00"
"2018-10-23 01:00:06",419098100,18.93835,72.85795,47.8,0.0,202,9379002,"TAG 7               ","AUOF   ",90,23,41,3,15,4.4,"P&V ANCHORAGE MUMBAI","08-23 17:18"
"2018-10-23 01:00:07",419059400,18.94080,72.85760,90.5,0.0,511,8217568,"OCEAN CREST         ","AUJV   ",52,10,26,3,7,3.9,"P&V MUMBAI ANCHORAGE","10-21 21:00"
"2018-10-23 01:00:08",419047300,18.95655,72.84838,0.0,0.0,511,8873439,"MV RAAVI","AUEJ",90,0,34,0,7,1.5,"MUMBAI","05-27 10:00"
"2018-10-23 01:00:08",419796000,19.08731,72.55143,111.2,0.0,5,9467770,"DESH SAMMAN         ","AVBE   ",80,205,45,29,15,12.3,"MUMBAI,INDIA        ","10-19 13:00"
"2018-10-23 01:00:10",419055600,18.94631,72.85720,60.1,0.4,8,9142679,"ANTAREJA            ","AUIA   ",33,24,23,5,6,2.8,"MUMBAI              ","09-26 08:00"
"2018-10-23 01:00:10",565653000,18.93712,72.89987,58.0,11.3,58,9326421,"WAN HAI 509         ","9VJJ7  ",70,209,59,11,21,12.3,"NSA                 ","10-23 06:30"
"2018-10-23 01:00:10",419465000,19.04556,72.59618,89.1,0.2,324,9034547,"MAHARSHI PARASHURAM ","VVZU   ",80,195,43,7,31,8.2,"MUMBAI              ","09-21 19:00"
"2018-10-23 01:00:10",419001104,18.92830,72.84174,132.6,4.9,123,412000045,"WARSHIP 412        ","AWOO",0,18,30,4,4,0.0,"","00-00 24:60"
"2018-10-23 01:00:10",419001353,18.94035,72.91847,239.6,5.3,241,0,"","",0,0,0,0,0,0.0,"","00-00 24:60"
"2018-10-23 01:00:11",419076800,18.94718,72.86121,102.8,0.1,511,9510163," OFFSHORE RUNNER    ","AURQ   ",90,8,39,7,3,2.5,"TAPTI               ","05-28 16:00"
"2018-10-23 01:00:11",419900630,18.95090,72.85585,331.4,3.1,511,0,"","",0,0,0,0,0,0.0,"","00-00 24:60"
"2018-10-23 01:00:11",511195000,18.93499,72.88091,82.6,0.1,228,8822533,"VAKUL PREM","T8A2155",95,64,14,6,6,3.7,"MUMBAI","02-15 10:00"
"2018-10-23 01:00:12",419000346,18.93960,72.84340,189.5,0.1,511,8216552,"MV SUMAYLA ONE","AVNG",90,11,49,3,9,3.2,"MUMBAI PLT STN","10-22 06:00"
"2018-10-23 01:00:13",419017300,18.90435,72.85852,205.0,9.5,213,10267904,"DCI DREDGE_16","VWXU",90,30,92,11,9,0.0,"","00-00 00:00"
"2018-10-23 01:00:14",419001069,18.95676,72.86174,212.0,0.0,511,0,"","",0,0,0,0,0,0.0,"","00-00 24:60"
"2018-10-23 01:00:14",419000339,18.91520,72.91107,188.0,0.0,234,0,"T203                ","AVMZ   ",90,5,8,2,2,0.9,"=                   ","00-00 24:60"
"2018-10-23 01:00:15",419000791,18.95487,72.85394,198.3,0.1,511,8849361,"VMS 21              ","AWCR   ",90,175,13,15,15,1.5,"MUMBAI              ","12-02 02:00"
"2018-10-23 01:00:16",419000218,19.22404,72.06008,0.3,1.2,53,0,"","",0,0,0,0,0,0.0,"","00-00 24:60"
"2018-10-23 01:00:17",419566000,18.94157,72.84084,289.3,0.0,196,0,"","",0,0,0,0,0,0.0,"","00-00 24:60"
"2018-10-23 01:00:17",248620000,18.94386,72.35772,127.7,0.1,40,9789714,"AQUARAMA            ","9HA4727",89,144,36,22,6,7.1,"MUMBAI              ","10-21 11:00"
"2018-10-23 01:00:17",477759700,18.92742,72.87987,238.0,12.0,238,9535149,"MOL GRANDEUR","VRIQ8",74,199,76,20,20,12.0,"LKCMB","10-25 14:30"
"2018-10-23 01:00:18",419901235,18.88935,72.83067,199.7,5.0,199,0,"","",0,0,0,0,0,0.0,"","00-00 24:60"
"2018-10-23 01:00:18",419000294,18.92678,72.86434,286.9,0.0,200,9547233,"SCI PAWAN           ","AVLI   ",90,20,46,5,11,5.0,"MUMBAI              ","10-19 18:00"
"2018-10-23 01:00:20",419074100,18.95485,72.85388,181.3,0.0,511,8924563,"MEENAKSHI           ","AUSM   ",99,0,0,0,0,2.0,"MUMBAI              ","07-03 10:08"
"2018-10-23 01:00:20",419611000,18.90389,72.87252,81.6,0.0,511,7724746,"SEAMELODY","AUNA",52,12,42,2,9,3.6,"MUMB","10-13 18:00"
"2018-10-23 01:00:20",419322000,18.93062,72.86048,137.0,0.0,333,8316766,"SAMUDRA SHAUDHIKAMA ","VWSK   ",99,10,25,4,4,2.4,"MUMBAI              ","08-18 13:00"
"2018-10-23 01:00:21",419001050,18.92570,72.86916,303.7,0.0,193,9169354,"TAG 19              ","AWMM   ",70,12,54,12,4,5.8,"NHAVA               ","07-18 08:00"
"2018-10-23 01:00:21",419001175,18.91603,72.91139,360.0,0.0,210,0,"MODAK","AWRH",0,0,0,0,0,2.3,"MUMBAI","01-01 00:00"
"2018-10-23 01:00:22",419000127,18.92664,72.86241,1.4,0.1,195,9547269,"SCI URJA            ","AVFW   ",99,10,56,4,12,4.8,"MUMBAIHIGH NORTH    ","07-30 18:30"
"2018-10-23 01:00:22",419001070,18.91593,72.86479,217.8,7.4,218,9724398,"CREST MERCURY ONE   ","AWNG   ",52,8,57,11,5,5.0,"BFL                 ","10-22 05:00"
"2018-10-23 01:00:23",419093700,18.93488,72.26764,104.4,0.1,35,0,"","",0,0,0,0,0,0.0,"","00-00 24:60"
"2018-10-23 01:00:23",419901305,18.95147,72.86371,100.5,2.5,511,0,"M.V. SHARAVATI","8TYC",70,55,15,6,7,3.5,"MUMBAI","03-27 00:00"
"2018-10-23 01:00:24",419901762,18.90702,72.82803,322.0,3.5,322,0,"GAJANAN SAI","8WIB",30,11,5,3,3,0.0,"","00-00 24:60"
"2018-10-23 01:00:25",419000185,18.93567,72.84433,351.0,1.4,511,9603582,"TAGRAJVIR","AVHZ",0,0,0,0,0,0.0,"","00-00 00:00"
"2018-10-23 01:00:25",304921000,18.93486,72.84457,348.1,1.6,183,9487213,"HANNAH S","V2GX9",79,150,39,17,15,10.1,"MUMBAI","10-20 06:30"
"2018-10-23 01:00:26",419000882,18.89542,72.84372,313.1,0.2,218,9047374,"OAKTREE             ","AWGD   ",80,148,35,16,16,6.5,"MUMBAI              ","10-13 16:00"
"2018-10-23 01:00:27",419701000,18.89163,72.85018,209.8,8.2,208,9471939,"OCEAN     DIAMOND   ","AUUF   ",90,10,60,11,6,4.4,"PILOT STN           ","10-22 21:30"
"2018-10-23 01:00:28",419000860,18.93338,72.86682,291.9,0.0,188,0,"","",0,0,0,0,0,0.0,"","00-00 24:60"
"2018-10-23 01:00:28",419000721,18.93371,72.86883,344.9,0.0,186,9630456,"TAG12               ","AWAA   ",0,11,58,11,5,5.4,"BFL                 ","09-11 14:00"
"2018-10-23 01:00:29",419078500,18.94760,72.86298,227.2,0.0,201,8218287,"OFFSHORE HUNTER","AUWO",90,20,37,5,7,2.5,"MUMBAI","03-01 08:00"
"2018-10-23 01:00:29",419589000,18.94043,72.85814,4.2,0.0,511,8421559,"OCEAN VIKING        ","AUML   ",52,12,21,4,6,3.8,"AT ANCHOR           ","10-19 11:00"
"2018-10-23 01:00:30",419901603,18.90976,72.82647,22.8,0.0,22,0,"","",0,0,0,0,0,0.0,"","00-00 24:60"
"2018-10-23 01:00:30",419000490,18.89192,72.86697,351.2,3.7,511,0,"","",0,0,0,0,0,0.0,"","00-00 24:60"
"2018-10-23 01:00:31",419100037,18.92719,72.83859,360.0,0.0,511,0,"","",0,0,0,0,0,0.0,"","00-00 24:60"
"2018-10-23 01:00:32",419001057,18.94300,72.86533,0.0,0.0,210,9215531,"SEAWAYS 9 ","AWMT   ",0,5,30,5,6,4.0,"MUMBAI:::: ","05-22 07:00"
"2018-10-23 01:00:33",566596000,19.29202,72.04648,347.8,4.6,352,0,"","",0,0,0,0,0,0.0,"","00-00 24:60"
"2018-10-23 01:00:33",419000359,18.91547,72.87360,24.7,1.7,511,0,"MPB-10","AVNT",70,60,5,10,3,0.0,"","00-00 24:60"
"2018-10-23 01:00:34",419001117,18.92811,72.86804,179.0,0.1,171,9126039,"TAG 20              ","AWPB   ",70,21,67,9,9,5.0,"BFL                 ","08-30 14:00"
"2018-10-23 01:00:36",419900905,18.90158,72.86438,0.0,0.0,511,0,"M.V.JAL SHAKTI 1","",70,0,0,0,0,0.0,"","00-00 24:60"
"2018-10-23 01:00:36",419000162,19.12328,71.83548,289.1,6.8,295,0,"","",0,0,0,0,0,0.0,"","00-00 24:60"
"2018-10-23 01:00:36",419001364,18.93145,72.86630,294.0,0.0,182,9299082,"PRIYA TWENTY THREE  ","AWYL   ",90,17,50,7,8,4.4,"MUMBAI              ","10-06 16:00"
"2018-10-23 01:00:37",419059400,18.94080,72.85760,95.4,0.0,511,8217568,"OCEAN CREST         ","AUJV   ",52,10,26,3,7,3.9,"P&V MUMBAI ANCHORAGE","10-21 21:00"
"2018-10-23 01:00:37",419060900,18.94373,72.84130,267.0,0.0,192,9371880,"TAG MAMTA           ","AULD   ",52,15,21,7,3,3.8,"MUMBAI              ","11-07 01:00"
"2018-10-23 01:00:37",419088600,18.92943,72.86113,232.9,0.0,511,9428566,"PFS COURAGE         ","AVBG   ",52,8,55,2,13,4.4,"MUMBAI              ","10-19 22:00"
"2018-10-23 01:00:38",419047300,18.95655,72.84838,0.0,0.0,511,8873439,"MV RAAVI","AUEJ",90,0,34,0,7,1.5,"MUMBAI","05-27 10:00"
"2018-10-23 01:00:38",356799000,18.92668,72.69074,70.4,0.1,314,9583146,"SAGAR MOTI          ","3FLZ3  ",70,168,22,21,11,6.3,"MUMBAIPLA           ","10-21 05:30"
"2018-10-23 01:00:39",419901772,18.95745,72.85071,239.4,0.0,239,0,"SAIRAM","8WIL",30,9,4,2,2,0.0,"","00-00 24:60"
"2018-10-23 01:00:40",419055600,18.94617,72.85719,183.9,1.2,10,9142679,"ANTAREJA            ","AUIA   ",33,24,23,5,6,2.8,"MUMBAI              ","09-26 08:00"
"2018-10-23 01:00:40",565653000,18.93768,72.90087,58.0,11.1,58,9326421,"WAN HAI 509         ","9VJJ7  ",70,209,59,11,21,12.3,"NSA                 ","10-23 06:30"
"2018-10-23 01:00:40",419001104,18.92791,72.84238,121.5,5.1,111,412000045,"WARSHIP 412        ","AWOO",0,18,30,4,4,0.0,"","00-00 24:60"
"2018-10-23 01:00:41",419076800,18.94718,72.86122,117.0,0.1,511,9510163," OFFSHORE RUNNER    ","AURQ   ",90,8,39,7,3,2.5,"TAPTI               ","05-28 16:00"
"2018-10-23 01:00:41",419001353,18.94005,72.91778,254.2,5.1,254,0,"","",0,0,0,0,0,0.0,"","00-00 24:60"
"2018-10-23 01:00:43",616443000,18.94651,72.84422,0.0,0.0,186,0,"ASHENA              ","D6DG7  ",37,12,34,4,5,4.5,"MUMBAI              ","03-08 12:30"
"2018-10-23 01:00:44",419000339,18.91521,72.91105,189.8,0.0,235,0,"T203                ","AVMZ   ",90,5,8,2,2,0.9,"=                   ","00-00 24:60"
"2018-10-23 01:00:45",419000791,18.95487,72.85394,194.2,0.0,511,8849361,"VMS 21              ","AWCR   ",90,175,13,15,15,1.5,"MUMBAI              ","12-02 02:00"
"2018-10-23 01:00:45",419001002,18.93489,72.86030,325.3,0.0,182,0,"","",0,0,0,0,0,0.0,"","00-00 24:60"
"2018-10-23 01:00:46",419000225,18.90899,72.87847,59.6,0.1,10,8222151,"VARAPRADA           ","AVJL   ",52,10,57,8,8,3.6,"ANGREA              ","10-06 06:00"
"2018-10-23 01:00:47",477759700,18.92657,72.87842,238.5,12.2,239,9535149,"MOL GRANDEUR","VRIQ8",74,199,76,20,20,12.0,"LKCMB","10-25 14:30"
"2018-10-23 01:00:48",419000294,18.92679,72.86434,286.9,0.0,200,9547233,"SCI PAWAN           ","AVLI   ",90,20,46,5,11,5.0,"MUMBAI              ","10-19 18:00"
"2018-10-23 01:00:49",419000218,19.22428,72.06008,0.4,1.2,53,0,"","",0,0,0,0,0,0.0,"","00-00 24:60"
"2018-10-23 01:00:50",419074100,18.95485,72.85388,183.3,0.1,511,8924563,"MEENAKSHI           ","AUSM   ",99,0,0,0,0,2.0,"MUMBAI              ","07-03 10:08"
"2018-10-23 01:00:50",419000346,18.93964,72.84336,16.3,0.1,511,8216552,"MV SUMAYLA ONE","AVNG",90,11,49,9,3,3.2,"MUMBAI PLT STN","10-22 06:00"
"2018-10-23 01:00:51",419001050,18.92570,72.86917,303.7,0.0,193,9169354,"TAG 19              ","AWMM   ",70,12,54,12,4,5.8,"NHAVA               ","07-18 08:00"
"2018-10-23 01:00:52",419017300,18.90275,72.85772,205.0,9.5,213,10267904,"DCI DREDGE_16","VWXU",90,30,92,11,9,0.0,"","00-00 00:00"
"2018-10-23 01:00:53",419093700,18.93486,72.26762,118.2,0.1,36,0,"","",0,0,0,0,0,0.0,"","00-00 24:60"
"2018-10-23 01:00:54",419001069,18.95676,72.86175,212.0,0.0,511,0,"","",0,0,0,0,0,0.0,"","00-00 24:60"
"2018-10-23 01:00:55",419000185,18.93600,72.84433,355.0,1.5,511,9603582,"TAGRAJVIR","AVHZ",0,0,0,0,0,0.0,"","00-00 00:00"
"2018-10-23 01:00:55",304921000,18.93508,72.84453,350.5,1.5,181,9487213,"HANNAH S","V2GX9",79,150,39,17,15,10.1,"MUMBAI","10-20 06:30"
"2018-10-23 01:00:56",419001201,18.92470,72.86395,78.6,0.0,173,8304799,"WILCHIEF 1          ","AWSF   ",39,45,35,9,9,5.5,"MUMBAI              ","08-01 10:30"
"2018-10-23 01:00:59",419322000,18.93062,72.86048,137.0,0.0,333,8316766,"SAMUDRA SHAUDHIKAMA ","VWSK   ",99,10,25,4,4,2.4,"MUMBAI              ","08-18 13:00"
"2018-10-23 01:01:00",563609000,18.90476,72.87632,304.6,0.0,233,9740249,"LANPAN 33           ","9V2756 ",32,18,36,6,8,5.1,"MUMBAI INDIA        ","10-21 10:00"
"2018-10-23 01:01:00",419001175,18.91603,72.91139,360.0,0.0,210,0,"MODAK","AWRH",0,0,0,0,0,2.3,"MUMBAI","01-01 00:00"
"2018-10-23 01:01:01",419000392,18.93803,72.85991,289.5,0.0,511,0,"","",0,0,0,0,0,0.0,"","00-00 24:60"
"2018-10-23 01:01:01",419000379,18.95194,72.86506,18.6,0.0,511,0,"AB3000 ","",99,10,19,3,6,0.0,"MUMBAI     ","05-15 14:30"
"2018-10-23 01:01:02",419100037,18.92719,72.83860,360.0,0.0,511,0,"","",0,0,0,0,0,0.0,"","00-00 24:60"
"2018-10-23 01:01:02",419001070,18.91483,72.86396,217.6,7.3,217,9724398,"CREST MERCURY ONE   ","AWNG   ",52,8,57,11,5,5.0,"BFL                 ","10-22 05:00"
"2018-10-23 01:01:03",636014469,18.94098,72.89933,203.0,0.0,57,9440382,"MIKELA P.           ","A8UB7  ",89,231,43,32,16,10.3,"MUMBAI              ","10-22 03:30"
"2018-10-23 01:01:03",477166400,18.90674,72.84801,292.9,0.1,206,9827944,"HAI SHENG           ","VRRP9  ",80,146,31,19,8,5.4,"FUJAIRAH            ","10-26 04:00"
"2018-10-23 01:01:03",419901305,18.95138,72.86421,103.6,2.6,511,0,"M.V. SHARAVATI","8TYC",70,55,15,6,7,3.5,"MUMBAI","03-27 00:00"
"2018-10-23 01:01:03",419000359,18.91569,72.87372,24.4,1.7,511,0,"MPB-10","AVNT",70,60,5,10,3,0.0,"","00-00 24:60"
"2018-10-23 01:01:04",419001117,18.92811,72.86804,155.1,0.1,171,9126039,"TAG 20              ","AWPB   ",70,21,67,9,9,5.0,"BFL                 ","08-30 14:00"
"2018-10-23 01:01:06",566596000,19.29290,72.04630,348.4,4.8,352,0,"","",0,0,0,0,0,0.0,"","00-00 24:60"
"2018-10-23 01:01:07",419059400,18.94080,72.85760,116.6,0.0,511,8217568,"OCEAN CREST         ","AUJV   ",52,10,26,3,7,3.9,"P&V MUMBAI ANCHORAGE","10-21 21:00"
"2018-10-23 01:01:07",419701000,18.89031,72.84941,209.5,8.2,209,9471939,"OCEAN     DIAMOND   ","AUUF   ",90,10,60,11,6,4.4,"PILOT STN           ","10-22 21:30"
"2018-10-23 01:01:08",419047300,18.95655,72.84838,0.0,0.0,511,8873439,"MV RAAVI","AUEJ",90,0,34,0,7,1.5,"MUMBAI","05-27 10:00"
"2018-10-23 01:01:08",419088600,18.92943,72.86112,209.7,0.0,511,9428566,"PFS COURAGE         ","AVBG   ",52,8,55,2,13,4.4,"MUMBAI              ","10-19 22:00"
"2018-10-23 01:01:10",565653000,18.93843,72.90218,59.0,10.8,58,9326421,"WAN HAI 509         ","9VJJ7  ",70,209,59,11,21,12.3,"NSA                 ","10-23 06:30"
"2018-10-23 01:01:10",419001104,18.92764,72.84311,112.3,5.5,107,412000045,"WARSHIP 412        ","AWOO",0,18,30,4,4,0.0,"","00-00 24:60"
"2018-10-23 01:01:11",419076800,18.94719,72.86120,131.8,0.1,511,9510163," OFFSHORE RUNNER    ","AURQ   ",90,8,39,7,3,2.5,"TAPTI               ","05-28 16:00"
"2018-10-23 01:01:12",419000162,19.12371,71.83419,289.1,6.8,296,0,"","",0,0,0,0,0,0.0,"","00-00 24:60"
"2018-10-23 01:01:14",419000339,18.91521,72.91107,185.7,0.0,235,0,"T203                ","AVMZ   ",90,5,8,2,2,0.9,"=                   ","00-00 24:60"
"2018-10-23 01:01:15",419000791,18.95487,72.85394,174.5,0.1,511,8849361,"VMS 21              ","AWCR   ",90,175,13,15,15,1.5,"MUMBAI              ","12-02 02:00"
"2018-10-23 01:01:15",419001364,18.93145,72.86630,294.0,0.0,180,9299082,"PRIYA TWENTY THREE  ","AWYL   ",90,17,50,7,8,4.4,"MUMBAI              ","10-06 16:00"
"2018-10-23 01:01:15",419001353,18.93992,72.91695,258.6,5.1,251,0,"","",0,0,0,0,0,0.0,"","00-00 24:60"
"2018-10-23 01:01:16",419060900,18.94370,72.84133,122.0,0.0,193,9371880,"TAG MAMTA           ","AULD   ",52,15,21,7,3,3.8,"MUMBAI              ","11-07 01:00"
"2018-10-23 01:01:17",477759700,18.92567,72.87680,239.4,12.2,238,9535149,"MOL GRANDEUR","VRIQ8",74,199,76,20,20,12.0,"LKCMB","10-25 14:30"
"2018-10-23 01:01:18",419055600,18.94588,72.85715,188.3,1.7,5,9142679,"ANTAREJA            ","AUIA   ",33,24,23,5,6,2.8,"MUMBAI              ","09-26 08:00"
"2018-10-23 01:01:18",419000294,18.92679,72.86435,286.9,0.0,200,9547233,"SCI PAWAN           ","AVLI   ",90,20,46,5,11,5.0,"MUMBAI              ","10-19 18:00"
"2018-10-23 01:01:19",305078000,18.93871,72.84134,273.4,0.0,281,9402043,"BBC CAROLINA        ","V2CQ3  ",70,125,13,6,15,6.9,"MUMBAI              ","10-21 15:15"
"2018-10-23 01:01:21",419001050,18.92570,72.86916,303.7,0.0,193,9169354,"TAG 19              ","AWMM   ",70,12,54,12,4,5.8,"NHAVA               ","07-18 08:00"
"2018-10-23 01:01:22",419000346,18.93961,72.84339,104.1,0.0,511,8216552,"MV SUMAYLA ONE","AVNG",90,11,49,3,9,3.2,"MUMBAI PLT STN","10-22 06:00"
"2018-10-23 01:01:22",419003606,18.98548,72.89813,327.4,0.0,511,0,"MPB III","AVBK",70,58,12,12,4,0.0,"","00-00 24:60"
"2018-10-23 01:01:23",419017300,18.90152,72.85707,207.0,9.5,217,10267904,"DCI DREDGE_16","VWXU",90,30,92,11,9,0.0,"","00-00 00:00"
"2018-10-23 01:01:25",636011643,18.95338,72.90825,266.2,0.0,7,9258167,"TROITSKY BRIDGE","A8AP7",89,151,32,12,21,7.8,"IN BOM","10-20 02:30"
"2018-10-23 01:01:25",304921000,18.93526,72.84450,349.9,1.4,178,9487213,"HANNAH S","V2GX9",79,150,39,17,15,10.1,"MUMBAI","10-20 06:30"
"2018-10-23 01:01:26",419000147,18.96260,72.85871,156.6,0.0,511,0,"SURYA SHAKTI","AVGN",52,10,15,6,2,0.0,"","00-00 24:60"
"2018-10-23 01:01:26",205744000,18.88087,72.83643,201.8,0.1,202,9187473,"VASCO DA GAMA       ","ORST   ",90,56,151,18,18,10.0,"MUMB                ","08-20 10:00"
"2018-10-23 01:01:28",419264000,18.94130,72.86177,237.0,0.0,511,8308513,"ALBATROSS 07  ","VWSB",99,8,50,7,5,4.4,"MUMBAI","00-00 18:50"
"2018-10-23 01:01:29",419322000,18.93063,72.86048,137.0,0.0,333,8316766,"SAMUDRA SHAUDHIKAMA ","VWSK   ",99,10,25,4,4,2.4,"MUMBAI              ","08-18 13:00"
"2018-10-23 01:01:30",419074100,18.95485,72.85388,165.3,0.1,511,8924563,"MEENAKSHI           ","AUSM   ",99,0,0,0,0,2.0,"MUMBAI              ","07-03 10:08"
"2018-10-23 01:01:30",419900778,18.88909,72.85130,187.2,8.0,511,0,"","",0,0,0,0,0,0.0,"","00-00 24:60"
"2018-10-23 01:01:30",419000490,18.89298,72.86685,354.9,3.8,511,0,"","",0,0,0,0,0,0.0,"","00-00 24:60"
"2018-10-23 01:01:30",419001175,18.91604,72.91137,360.0,0.0,210,0,"MODAK","AWRH",0,0,0,0,0,2.3,"MUMBAI","01-01 00:00"
"2018-10-23 01:01:31",419000694,18.93094,72.84137,179.4,5.5,511,0,"T239","AVYY",99,0,0,0,0,0.0,"","00-00 24:60"
"2018-10-23 01:01:33",419001069,18.95677,72.86175,212.0,0.0,511,0,"","",0,0,0,0,0,0.0,"","00-00 24:60"
"2018-10-23 01:01:33",419000359,18.91592,72.87383,25.3,1.7,511,0,"MPB-10","AVNT",70,60,5,10,3,0.0,"","00-00 24:60"
"2018-10-23 01:01:34",419058400,18.94177,72.85758,16.0,0.0,511,8218108,"MV KAMRUP","AUJC",52,15,23,4,5,3.2,"MUMBAI","05-29 14:00"
"2018-10-23 01:01:34",419001117,18.92811,72.86804,153.5,0.0,172,9126039,"TAG 20              ","AWPB   ",70,21,67,9,9,5.0,"BFL                 ","08-30 14:00"
"2018-10-23 01:01:35",419000185,18.93617,72.84433,354.0,1.5,511,9603582,"TAGRAJVIR","AVHZ",0,0,0,0,0,0.0,"","00-00 00:00"
"2018-10-23 01:01:36",538004315,18.90123,72.85106,34.3,0.1,146,9572082,"ANJELIQUE D         ","V7WJ4  ",79,171,26,12,20,8.3,"ID MDA>ID DHT       ","10-13 19:30"
"2018-10-23 01:01:37",419059400,18.94080,72.85760,198.1,0.0,511,8217568,"OCEAN CREST         ","AUJV   ",52,10,26,3,7,3.9,"P&V MUMBAI ANCHORAGE","10-21 21:00"
"2018-10-23 01:01:37",419001106,18.93683,72.85810,178.7,0.0,199,9429596,"MARIA               ","AWOQ   ",96,9,40,7,6,3.6,"MUMBAI              ","07-05 12:30"
"2018-10-23 01:01:38",419047300,18.95655,72.84838,0.0,0.0,511,8873439,"MV RAAVI","AUEJ",90,0,34,0,7,1.5,"MUMBAI","05-27 10:00"
"2018-10-23 01:01:40",565653000,18.93937,72.90377,57.0,10.6,62,9326421,"WAN HAI 509         ","9VJJ7  ",70,209,59,11,21,12.3,"NSA                 ","10-23 06:30"
"2018-10-23 01:01:40",419901479,18.90392,72.83757,336.6,0.0,336,0,"DATTAGAGANGIRI MAULI","8UXE",30,11,8,4,4,0.0,"","00-00 24:60"
"2018-10-23 01:01:41",419076800,18.94718,72.86121,135.2,0.1,511,9510163," OFFSHORE RUNNER    ","AURQ   ",90,8,39,7,3,2.5,"TAPTI               ","05-28 16:00"
"2018-10-23 01:01:41",419901305,18.95128,72.86473,103.1,2.8,511,0,"M.V. SHARAVATI","8TYC",70,55,15,6,7,3.5,"MUMBAI","03-27 00:00"
"2018-10-23 01:01:42",419090700,18.95399,72.86234,271.4,0.1,208,0,"","",0,0,0,0,0,0.0,"","00-00 24:60"
"2018-10-23 01:01:42",419900862,18.95161,72.84660,0.0,0.0,511,0,"M.V. SAAHA","8TGX",80,40,20,5,8,0.0,"","00-00 24:60"
"2018-10-23 01:01:42",419001070,18.91377,72.86311,217.3,7.3,218,9724398,"CREST MERCURY ONE   ","AWNG   ",52,8,57,11,5,5.0,"BFL                 ","10-22 05:00"
"2018-10-23 01:01:43",419001104,18.92745,72.84399,101.4,5.7,97,412000045,"WARSHIP 412        ","AWOO",0,18,30,4,4,0.0,"","00-00 24:60"
"2018-10-23 01:01:44",419083800,18.94288,72.85944,43.8,0.0,511,0,"OCEAN NECTAR","AUZB",52,24,5,3,5,0.0,"","00-00 24:60"
"2018-10-23 01:01:44",419255000,18.94438,72.86092,185.0,0.0,177,0,"","",0,0,0,0,0,0.0,"","00-00 24:60"
"2018-10-23 01:01:44",419000339,18.91521,72.91107,173.3,0.0,234,0,"T203                ","AVMZ   ",90,5,8,2,2,0.9,"=                   ","00-00 24:60"
"2018-10-23 01:01:45",419000791,18.95487,72.85394,167.7,0.0,511,8849361,"VMS 21              ","AWCR   ",90,175,13,15,15,1.5,"MUMBAI              ","12-02 02:00"
"2018-10-23 01:01:45",419001364,18.93145,72.86630,294.0,0.0,179,9299082,"PRIYA TWENTY THREE  ","AWYL   ",90,17,50,7,8,4.4,"MUMBAI              ","10-06 16:00"
"2018-10-23 01:01:45",419001353,18.93969,72.91623,249.4,5.0,244,0,"","",0,0,0,0,0,0.0,"","00-00 24:60"
"2018-10-23 01:01:46",419060900,18.94371,72.84134,302.0,0.0,193,9371880,"TAG MAMTA           ","AULD   ",52,15,21,7,3,3.8,"MUMBAI              ","11-07 01:00"
"2018-10-23 01:01:46",419701000,18.88909,72.84869,209.1,7.4,209,9471939,"OCEAN     DIAMOND   ","AUUF   ",90,10,60,11,6,4.4,"PILOT STN           ","10-22 21:30"
"2018-10-23 01:01:46",419097600,18.93497,72.87007,335.5,0.0,181,9549554,"TAG-8               ","AVED   ",90,17,55,8,12,4.5,"P&V (MUMBAI)        ","10-22 18:35"
"2018-10-23 01:01:47",566596000,19.29380,72.04611,347.4,4.9,350,0,"","",0,0,0,0,0,0.0,"","00-00 24:60"
"2018-10-23 01:01:47",477759700,18.92483,72.87530,240.2,12.3,237,9535149,"MOL GRANDEUR","VRIQ8",74,199,76,20,20,12.0,"LKCMB","10-25 14:30"
"2018-10-23 01:01:48",419055600,18.94574,72.85710,198.0,0.8,312,9142679,"ANTAREJA            ","AUIA   ",33,24,23,5,6,2.8,"MUMBAI              ","09-26 08:00"
"2018-10-23 01:01:48",419000294,18.92679,72.86435,286.9,0.0,200,9547233,"SCI PAWAN           ","AVLI   ",90,20,46,5,11,5.0,"MUMBAI              ","10-19 18:00"
"2018-10-23 01:01:49",419001227,18.89613,72.86277,144.0,0.1,194,9482110,"GANGA K             ","AWTF   ",70,175,23,19,13,10.3,"MUMBAI B3           ","10-20 22:00"
"2018-10-23 01:01:51",419000162,19.12413,71.83297,289.2,6.8,295,0,"","",0,0,0,0,0,0.0,"","00-00 24:60"
"2018-10-23 01:01:51",419001050,18.92571,72.86916,303.7,0.0,193,9169354,"TAG 19              ","AWMM   ",70,12,54,12,4,5.8,"NHAVA               ","07-18 08:00"
"2018-10-23 01:01:52",419100037,18.92717,72.83860,360.0,0.0,511,0,"","",0,0,0,0,0,0.0,"","00-00 24:60"
"2018-10-23 01:01:53",645314000,18.94237,72.86067,140.0,0.0,191,9413482,"M.V.BEAS DOLPHIN    ","3 BRJ  ",90,10,53,5,10,4.0,"MUMBAI              ","06-21 01:00"
"2018-10-23 01:01:55",304921000,18.93545,72.84446,355.2,1.3,175,9487213,"HANNAH S","V2GX9",79,150,39,17,15,10.1,"MUMBAI","10-20 06:30"
"2018-10-23 01:01:57",419088600,18.92941,72.86112,212.7,0.0,511,9428566,"PFS COURAGE         ","AVBG   ",52,8,55,2,13,4.4,"MUMBAI              ","10-19 22:00"
"2018-10-23 01:01:59",419322000,18.93063,72.86048,137.0,0.0,334,8316766,"SAMUDRA SHAUDHIKAMA ","VWSK   ",99,10,25,4,4,2.4,"MUMBAI              ","08-18 13:00"
"2018-10-23 01:02:00",419001356,18.94668,72.84508,26.0,0.0,192,9486295,"KEDAR NATH          ","AWYD   ",70,99,21,9,8,6.7," MUMBAI             ","10-22 06:00"
"2018-10-23 01:02:00",419000645,18.93422,72.86257,284.1,0.0,191,9474474,"TAG 10              ","AVXB   ",90,10,58,5,11,4.5,"MUMBAI P&V          ","10-21 10:50"
"2018-10-23 01:02:00",419001344,18.90197,72.86440,246.0,0.0,203,9331933,"SRI GANESH          ","AWXR   ",70,163,27,20,12,10.0,"MUMBAI PLTSTN       ","10-21 10:15"
"2018-10-23 01:02:00",419001375,18.95575,72.90874,339.6,0.0,7,9207716,"LOYALTY             ","AWYW   ",81,147,35,17,15,8.6,"MUMBAI              ","10-21 02:00"
"2018-10-23 01:02:01",419901205,18.94365,72.84578,266.3,0.0,511,0,"SEA MASTER-2        ","8TUG   ",80,65,7,8,8,0.0,"","00-00 24:60"
"2018-10-23 01:02:01",419000346,18.93961,72.84339,104.1,0.0,511,8216552,"MV SUMAYLA ONE","AVNG",90,11,49,3,9,3.2,"MUMBAI PLT STN","10-22 06:00"
"2018-10-23 01:02:01",419001175,18.91603,72.91138,360.0,0.0,210,0,"MODAK","AWRH",0,0,0,0,0,2.3,"MUMBAI","01-01 00:00"
"2018-10-23 01:02:02",419000490,18.89354,72.86677,355.9,3.8,511,0,"","",0,0,0,0,0,0.0,"","00-00 24:60"
"2018-10-23 01:02:02",419017300,18.90002,72.85618,208.0,9.5,216,10267904,"DCI DREDGE_16","VWXU",90,30,92,11,9,0.0,"","00-00 00:00"
"2018-10-23 01:02:03",419000359,18.91613,72.87394,25.7,1.7,511,0,"MPB-10","AVNT",70,60,5,10,3,0.0,"","00-00 24:60"
"2018-10-23 01:02:04",636092808,18.91555,72.87601,57.7,0.0,189,9385300,"ALTUS UBER          ","D5PA9  ",34,30,73,10,9,5.6,"MUMBAI              ","05-30 20:01"
"2018-10-23 01:02:04",419001069,18.95678,72.86174,212.0,0.0,511,0,"","",0,0,0,0,0,0.0,"","00-00 24:60"
"2018-10-23 01:02:04",419001117,18.92811,72.86805,139.2,0.1,172,9126039,"TAG 20              ","AWPB   ",70,21,67,9,9,5.0,"BFL                 ","08-30 14:00"
"2018-10-23 01:02:05",419000185,18.93650,72.84433,0.0,1.7,511,9603582,"TAGRAJVIR","AVHZ",0,0,0,0,0,0.0,"","00-00 00:00"
"2018-10-23 01:02:07",419059400,18.94080,72.85760,189.2,0.0,511,8217568,"OCEAN CREST         ","AUJV   ",52,10,26,3,7,3.9,"P&V MUMBAI ANCHORAGE","10-21 21:00"
"2018-10-23 01:02:07",419093300,18.94535,72.86298,0.0,0.0,511,9253557,"OFFSHORE SUPPORTER","AVCZ",90,18,38,10,4,4.0,"P & V","05-26 07:00"
"2018-10-23 01:02:09",419074100,18.95486,72.85387,194.6,0.0,511,8924563,"MEENAKSHI           ","AUSM   ",99,0,0,0,0,2.0,"MUMBAI              ","07-03 10:08"
"2018-10-23 01:02:09",419000218,19.22473,72.06009,359.5,1.3,53,0,"","",0,0,0,0,0,0.0,"","00-00 24:60"
"2018-10-23 01:02:10",565653000,18.94000,72.90490,60.0,10.3,69,9326421,"WAN HAI 509         ","9VJJ7  ",70,209,59,11,21,12.3,"NSA                 ","10-23 06:30"
"2018-10-23 01:02:10",636092031,18.89624,72.86876,263.0,0.0,187,9515759,"HAMMONIA KORSIKA    ","A8VQ8  ",70,161,29,11,21,8.5,"IN BOM              ","10-19 03:30"
"2018-10-23 01:02:12",419901305,18.95120,72.86516,102.9,2.8,511,0,"M.V. SHARAVATI","8TYC",70,55,15,6,7,3.5,"MUMBAI","03-27 00:00"
"2018-10-23 01:02:12",419000694,18.92983,72.84149,170.0,6.1,511,0,"T239","AVYY",99,0,0,0,0,0.0,"","00-00 24:60"
"2018-10-23 01:02:12",419001070,18.91296,72.86251,213.8,7.3,211,9724398,"CREST MERCURY ONE   ","AWNG   ",52,8,57,11,5,5.0,"BFL                 ","10-22 05:00"
"2018-10-23 01:02:13",419697000,18.94630,72.87069,0.0,0.0,511,8407979,"MV SAGA","AUUD",90,10,42,5,10,3.2,"MUMBAI","12-27 12:32"
"2018-10-23 01:02:13",419001104,18.92743,72.84480,89.6,5.7,88,412000045,"WARSHIP 412        ","AWOO",0,18,30,4,4,0.0,"","00-00 24:60"
"2018-10-23 01:02:14",419000339,18.91520,72.91105,170.9,0.0,234,0,"T203                ","AVMZ   ",90,5,8,2,2,0.9,"=                   ","00-00 24:60"
"2018-10-23 01:02:15",419098600,18.90780,72.87532,28.0,0.0,511,7806075,"GEO HINDSAGAR","AVEK",90,16,57,14,2,5.8,"MUMBAI","05-15 10:00"
"2018-10-23 01:02:15",419901822,18.90803,72.82561,88.1,0.0,88,0,"ANGARIKA","8WKJ",30,14,5,4,4,0.0,"","00-00 24:60"
"2018-10-23 01:02:15",419001364,18.93145,72.86630,294.0,0.0,179,9299082,"PRIYA TWENTY THREE  ","AWYL   ",90,17,50,7,8,4.4,"MUMBAI              ","10-06 16:00"
"2018-10-23 01:02:15",419001353,18.93946,72.91556,252.5,4.7,256,0,"","",0,0,0,0,0,0.0,"","00-00 24:60"
"2018-10-23 01:02:16",419060900,18.94372,72.84132,264.0,0.0,192,9371880,"TAG MAMTA           ","AULD   ",52,15,21,7,3,3.8,"MUMBAI              ","11-07 01:00"
"2018-10-23 01:02:16",419701000,18.88824,72.84819,209.3,7.0,208,9471939,"OCEAN     DIAMOND   ","AUUF   ",90,10,60,11,6,4.4,"PILOT STN           ","10-22 21:30"
"2018-10-23 01:02:16",419901762,18.90871,72.82677,309.3,4.1,309,0,"GAJANAN SAI","8WIB",30,11,5,3,3,0.0,"","00-00 24:60"
"2018-10-23 01:02:16",355001000,18.94086,72.84369,135.0,0.0,194,9030412," GOODMAN","3FVM7",99,20,47,8,8,3.9,"MUMBAI,INDIA","09-11 08:00"
"2018-10-23 01:02:17",419047300,18.95655,72.84838,0.0,0.0,511,8873439,"MV RAAVI","AUEJ",90,0,34,0,7,1.5,"MUMBAI","05-27 10:00"
"2018-10-23 01:02:17",477759700,18.92390,72.87370,235.5,12.3,229,9535149,"MOL GRANDEUR","VRIQ8",74,199,76,20,20,12.0,"LKCMB","10-25 14:30"
"2018-10-23 01:02:18",419055600,18.94571,72.85711,191.3,0.2,247,9142679,"ANTAREJA            ","AUIA   ",33,24,23,5,6,2.8,"MUMBAI              ","09-26 08:00"
"2018-10-23 01:02:18",419000294,18.92680,72.86434,286.9,0.0,201,9547233,"SCI PAWAN           ","AVLI   ",90,20,46,5,11,5.0,"MUMBAI              ","10-19 18:00"
"2018-10-23 01:02:19",572549210,18.93805,72.86632,208.6,0.1,511,8407008,"ENERGY GIRL","T2JD4",70,19,62,11,7,3.0,"MUMBAI","01-12 12:44"
"2018-10-23 01:02:20",419076800,18.94718,72.86120,133.4,0.1,511,9510163," OFFSHORE RUNNER    ","AURQ   ",90,8,39,7,3,2.5,"TAPTI               ","05-28 16:00"
"2018-10-23 01:02:21",419001050,18.92573,72.86917,303.7,0.1,193,9169354,"TAG 19              ","AWMM   ",70,12,54,12,4,5.8,"NHAVA               ","07-18 08:00"
"2018-10-23 01:02:23",311043100,18.91128,72.87085,273.0,0.0,193,9451238,"SERENE JUNIPER      ","C6YR7  ",70,160,30,12,20,11.2,"IN BOM              ","10-18 07:36"
"2018-10-23 01:02:24",419901235,18.88641,72.82982,194.0,5.6,194,0,"","",0,0,0,0,0,0.0,"","00-00 24:60"
"2018-10-23 01:02:25",304921000,18.93563,72.84446,8.0,1.2,174,9487213,"HANNAH S","V2GX9",79,150,39,17,15,10.1,"MUMBAI","10-20 06:30"
"2018-10-23 01:02:26",419562000,18.94603,72.86558,342.6,0.0,193,9304710,"CANARA PRIDE","AUHG",90,18,49,10,6,3.7,"MUMBAI ","01-02 16:00"
"2018-10-23 01:02:26",419000791,18.95487,72.85394,166.6,0.0,511,8849361,"VMS 21              ","AWCR   ",90,175,13,15,15,1.5,"MUMBAI              ","12-02 02:00"
"2018-10-23 01:02:26",419000372,18.95123,72.85724,283.3,0.1,511,9386134,"MV.CHANDRA SUN      ","AVOD   ",52,10,22,3,7,3.1,"MUMBAI              ","09-14 18:30"
"2018-10-23 01:02:29",419901432,18.88784,72.84843,250.3,7.1,511,0,"","",0,0,0,0,0,0.0,"","00-00 24:60"
"2018-10-23 01:02:29",419104000,18.95628,72.85915,105.8,0.0,1,9157179,"NAFISA I","VWZY",70,63,19,10,4,2.0,"MUMBAI","10-05 14:00"
"2018-10-23 01:02:30",566596000,19.29469,72.04589,345.9,5.0,351,0,"","",0,0,0,0,0,0.0,"","00-00 24:60"
"2018-10-23 01:02:31",419100037,18.92719,72.83859,360.0,0.0,511,0,"","",0,0,0,0,0,0.0,"","00-00 24:60"
"2018-10-23 01:02:32",419000346,18.93962,72.84340,104.1,0.0,511,8216552,"MV SUMAYLA ONE","AVNG",90,11,49,3,9,3.2,"MUMBAI PLT STN","10-22 06:00"
"2018-10-23 01:02:32",419017300,18.89888,72.85557,208.0,9.5,215,10267904,"DCI DREDGE_16","VWXU",90,30,92,11,9,0.0,"","00-00 00:00"
"2018-10-23 01:02:34",419001117,18.92811,72.86805,106.3,0.1,173,9126039,"TAG 20              ","AWPB   ",70,21,67,9,9,5.0,"BFL                 ","08-30 14:00"
"2018-10-23 01:02:35",419000162,19.12457,71.83169,290.0,6.8,295,0,"","",0,0,0,0,0,0.0,"","00-00 24:60"
"2018-10-23 01:02:35",419000185,18.93667,72.84433,2.0,1.2,511,9603582,"TAGRAJVIR","AVHZ",0,0,0,0,0,0.0,"","00-00 00:00"
"2018-10-23 01:02:36",419088600,18.92942,72.86112,210.1,0.0,511,9428566,"PFS COURAGE         ","AVBG   ",52,8,55,2,13,4.4,"MUMBAI              ","10-19 22:00"
"2018-10-23 01:02:37",419059400,18.94080,72.85760,323.1,0.0,511,8217568,"OCEAN CREST         ","AUJV   ",52,10,26,3,7,3.9,"P&V MUMBAI ANCHORAGE","10-21 21:00"
"2018-10-23 01:02:38",419900778,18.88665,72.85134,179.0,6.8,511,0,"","",0,0,0,0,0,0.0,"","00-00 24:60"
"2018-10-23 01:02:39",419001175,18.91603,72.91138,360.0,0.0,210,0,"MODAK","AWRH",0,0,0,0,0,2.3,"MUMBAI","01-01 00:00"
"2018-10-23 01:02:40",419074100,18.95486,72.85388,145.3,0.1,511,8924563,"MEENAKSHI           ","AUSM   ",99,0,0,0,0,2.0,"MUMBAI              ","07-03 10:08"
"2018-10-23 01:02:40",565653000,18.94053,72.90617,66.0,9.9,72,9326421,"WAN HAI 509         ","9VJJ7  ",70,209,59,11,21,12.3,"NSA                 ","10-23 06:30"
"2018-10-23 01:02:40",419322000,18.93063,72.86048,137.0,0.0,335,8316766,"SAMUDRA SHAUDHIKAMA ","VWSK   ",99,10,25,4,4,2.4,"MUMBAI              ","08-18 13:00"
"2018-10-23 01:02:42",419901305,18.95111,72.86558,105.7,2.8,511,0,"M.V. SHARAVATI","8TYC",70,55,15,6,7,3.5,"MUMBAI","03-27 00:00"
"2018-10-23 01:02:42",419001070,18.91210,72.86192,212.3,7.2,213,9724398,"CREST MERCURY ONE   ","AWNG   ",52,8,57,11,5,5.0,"BFL                 ","10-22 05:00"
"2018-10-23 01:02:43",419001104,18.92759,72.84564,77.5,5.8,88,412000045,"WARSHIP 412        ","AWOO",0,18,30,4,4,0.0,"","00-00 24:60"
"2018-10-23 01:02:44",419001069,18.95678,72.86174,212.0,0.1,511,0,"","",0,0,0,0,0,0.0,"","00-00 24:60"
"2018-10-23 01:02:44",419000339,18.91520,72.91106,173.1,0.0,235,0,"T203                ","AVMZ   ",90,5,8,2,2,0.9,"=                   ","00-00 24:60"
"2018-10-23 01:02:45",419901712,18.95768,72.85053,76.0,0.0,76,0,"KAVI KANYA","8WGD",30,10,4,3,2,0.0,"","00-00 24:60"
"2018-10-23 01:02:45",419001364,18.93145,72.86632,294.0,0.0,179,9299082,"PRIYA TWENTY THREE  ","AWYL   ",90,17,50,7,8,4.4,"MUMBAI              ","10-06 16:00"
"2018-10-23 01:02:46",419060900,18.94373,72.84132,142.0,0.0,192,9371880,"TAG MAMTA           ","AULD   ",52,15,21,7,3,3.8,"MUMBAI              ","11-07 01:00"
"2018-10-23 01:02:46",419701000,18.88741,72.84770,209.1,6.8,208,9471939,"OCEAN     DIAMOND   ","AUUF   ",90,10,60,11,6,4.4,"PILOT STN           ","10-22 21:30"
"2018-10-23 01:02:46",419093300,18.94535,72.86298,0.0,0.0,511,9253557,"OFFSHORE SUPPORTER","AVCZ",90,18,38,10,4,4.0,"P & V","05-26 07:00"
"2018-10-23 01:02:46",419000955,18.92718,72.86062,219.3,0.0,199,9705550,"TAG15               ","AWIX   ",90,15,45,6,10,4.6,"BFL                 ","07-18 15:00"
"2018-10-23 01:02:46",419172000,18.94123,72.84251,255.3,0.0,511,9129524,"MV GURU PRASAD","VVJO",72,66,13,5,10,2.4,"MUMBAI","09-21 18:30"
"2018-10-23 01:02:47",564175000,18.92944,72.84433,301.3,0.0,350,9459137,"IVS KNOT            ","9V8840 ",70,155,21,20,8,7.5,"SHARJAH             ","10-26 23:00"
"2018-10-23 01:02:47",419001353,18.93933,72.91485,257.5,4.6,260,0,"","",0,0,0,0,0,0.0,"","00-00 24:60"
"2018-10-23 01:02:47",477759700,18.92285,72.87238,223.7,12.1,218,9535149,"MOL GRANDEUR","VRIQ8",74,199,76,20,20,12.0,"LKCMB","10-25 14:30"
"2018-10-23 01:02:48",419055600,18.94574,72.85698,281.5,0.9,231,9142679,"ANTAREJA            ","AUIA   ",33,24,23,5,6,2.8,"MUMBAI              ","09-26 08:00"
"2018-10-23 01:02:48",366771000,18.94097,72.85361,259.5,0.0,192,9303546,"ALLIANCE FAIRFAX    ","WLMQ   ",70,18,181,14,18,7.8,"INBOM MUMBAI        ","10-22 02:30"
"2018-10-23 01:02:48",419000294,18.92680,72.86434,286.9,0.0,201,9547233,"SCI PAWAN           ","AVLI   ",90,20,46,5,11,5.0,"MUMBAI              ","10-19 18:00"
"2018-10-23 01:02:49",419000285,18.93445,72.84495,353.8,1.3,277,9619359,"TAG LAXMI           ","AVKZ   ",52,11,19,2,7,4.0,"MUMBAI              ","12-07 09:00"
"2018-10-23 01:02:49",477112100,18.90517,72.86889,291.6,0.1,215,9731901,"PACIFIC ACTIVITY    ","VRQP3  ",70,170,29,12,20,11.5,"MUMBAI              ","10-20 15:30"
"2018-10-23 01:02:50",419901822,18.90803,72.82561,88.1,0.0,88,0,"ANGARIKA","8WKJ",30,14,5,4,4,0.0,"","00-00 24:60"
"2018-10-23 01:02:51",419076800,18.94720,72.86117,133.1,0.1,511,9510163," OFFSHORE RUNNER    ","AURQ   ",90,8,39,7,3,2.5,"TAPTI               ","05-28 16:00"
"2018-10-23 01:02:51",419001050,18.92574,72.86918,316.7,0.1,194,9169354,"TAG 19              ","AWMM   ",70,12,54,12,4,5.8,"NHAVA               ","07-18 08:00"
"2018-10-23 01:02:51",419012300,18.99281,72.53259,319.3,6.0,325,0,"","",0,0,0,0,0,0.0,"","00-00 24:60"
"2018-10-23 01:02:52",341611000,18.92483,72.86683,69.6,0.0,511,8411047,"S CAS","V4TP3",52,65,45,4,10,5.8,"MUMBAI","10-01 12:00"
"2018-10-23 01:02:52",419000694,18.92884,72.84215,147.8,7.3,511,0,"T239","AVYY",99,0,0,0,0,0.0,"","00-00 24:60"
"2018-10-23 01:02:53",419000218,19.22497,72.06010,2.5,1.2,53,0,"","",0,0,0,0,0,0.0,"","00-00 24:60"
"2018-10-23 01:02:53",419000125,18.92126,72.88007,347.2,0.0,209,9547257,"S.C.I AHIMSA        ","AVFU   ",99,18,47,4,12,4.7,"BFL                 ","09-18 07:30"
"2018-10-23 01:02:55",419093100,18.95186,72.85829,303.3,0.0,511,9469819,"MV CHANDRA NEPTUNE ","AVCX ",32,12,20,5,4,4.2,"MUMBAI___    ","06-26 06:00"
"2018-10-23 01:02:55",304921000,18.93581,72.84450,15.9,1.3,176,9487213,"HANNAH S","V2GX9",79,150,39,17,15,10.1,"MUMBAI","10-20 06:30"
"2018-10-23 01:02:56",419047300,18.95655,72.84838,0.0,0.0,511,8873439,"MV RAAVI","AUEJ",90,0,34,0,7,1.5,"MUMBAI","05-27 10:00"
"2018-10-23 01:02:57",419551000,18.91205,72.87845,330.7,0.1,511,7430541,"SEA CONQUEST","AUJB",52,7,50,10,3,0.0,"","00-00 00:00"
"2018-10-23 01:02:58",419901235,18.88559,72.82959,194.8,5.6,194,0,"","",0,0,0,0,0,0.0,"","00-00 24:60"
"2018-10-23 01:03:01",354767000,18.94488,72.84378,179.0,0.0,194,9300908,"IBI                 ","3EAR2  ",70,121,28,9,15,8.0,"IN BOM              ","10-21 22:30"
"2018-10-23 01:03:02",419901762,18.90895,72.82630,303.0,0.9,303,0,"GAJANAN A9","8WIB",30,11,5,3,3,0.0,"","00-00 24:60"
"2018-10-23 01:03:02",419100037,18.92719,72.83857,50.3,0.0,511,0,"","",0,0,0,0,0,0.0,"","00-00 24:60"
"2018-10-23 01:03:03",419017300,18.89768,72.85487,208.0,9.5,216,10267904,"DCI DREDGE_16","VWXU",90,30,92,11,9,0.0,"","00-00 00:00"
"2018-10-23 01:03:04",419901834,18.90758,72.82776,3.0,0.7,3,0,"","",0,0,0,0,0,0.0,"","00-00 24:60"
"2018-10-23 01:03:04",419000791,18.95487,72.85394,144.1,0.1,511,8849361,"VMS 21              ","AWCR   ",90,175,13,15,15,1.5,"MUMBAI              ","12-02 02:00"
"2018-10-23 01:03:04",419001117,18.92811,72.86805,120.8,0.1,173,9126039,"TAG 20              ","AWPB   ",70,21,67,9,9,5.0,"BFL                 ","08-30 14:00"
"2018-10-23 01:03:05",419098100,18.93833,72.85799,47.8,0.0,199,9379002,"TAG 7               ","AUOF   ",90,23,41,3,15,4.4,"P&V ANCHORAGE MUMBAI","08-23 17:18"
"2018-10-23 01:03:05",419000185,18.93683,72.84433,5.0,0.9,511,9603582,"TAGRAJVIR","AVHZ",0,0,0,0,0,0.0,"","00-00 00:00"
"2018-10-23 01:03:07",419059400,18.94080,72.85760,315.9,0.0,511,8217568,"OCEAN CREST         ","AUJV   ",52,10,26,3,7,3.9,"P&V MUMBAI ANCHORAGE","10-21 21:00"
"2018-10-23 01:03:08",419088600,18.92942,72.86113,196.9,0.0,511,9428566,"PFS COURAGE         ","AVBG   ",52,8,55,2,13,4.4,"MUMBAI              ","10-19 22:00"
"2018-10-23 01:03:09",419900778,18.88568,72.85125,189.5,6.8,511,0,"","",0,0,0,0,0,0.0,"","00-00 24:60"
"2018-10-23 01:03:10",565653000,18.94103,72.90750,69.0,9.7,78,9326421,"WAN HAI 509         ","9VJJ7  ",70,209,59,11,21,12.3,"NSA                 ","10-23 06:30"
"2018-10-23 01:03:10",419001175,18.91601,72.91138,360.0,0.0,210,0,"MODAK","AWRH",0,0,0,0,0,2.3,"MUMBAI","01-01 00:00"
"2018-10-23 01:03:12",419901305,18.95100,72.86600,105.6,2.9,511,0,"M.V. SHARAVATI","8TYC",70,55,15,6,7,3.5,"MUMBAI","03-27 00:00"
"2018-10-23 01:03:12",419000346,18.93961,72.84339,104.1,0.1,511,8216552,"MV SUMAYLA ONE","AVNG",90,11,49,3,9,3.2,"MUMBAI PLT STN","10-22 06:00"
"2018-10-23 01:03:12",419001070,18.91124,72.86128,213.5,7.3,213,9724398,"CREST MERCURY ONE   ","AWNG   ",52,8,57,11,5,5.0,"BFL                 ","10-22 05:00"
"2018-10-23 01:03:12",511195000,18.93496,72.88089,82.6,0.1,228,8822533,"VAKUL PREM","T8A2155",95,64,14,6,6,3.7,"MUMBAI","02-15 10:00"
"2018-10-23 01:03:13",566596000,19.29557,72.04565,342.4,4.6,345,0,"","",0,0,0,0,0,0.0,"","00-00 24:60"
"2018-10-23 01:03:13",419001104,18.92777,72.84646,79.0,5.7,91,412000045,"WARSHIP 412        ","AWOO",0,18,30,4,4,0.0,"","00-00 24:60"
"2018-10-23 01:03:15",419001364,18.93143,72.86632,294.0,0.0,180,9299082,"PRIYA TWENTY THREE  ","AWYL   ",90,17,50,7,8,4.4,"MUMBAI              ","10-06 16:00"
"2018-10-23 01:03:16",419701000,18.88656,72.84721,209.2,6.7,208,9471939,"OCEAN     DIAMOND   ","AUUF   ",90,10,60,11,6,4.4,"PILOT STN           ","10-22 21:30"
"2018-10-23 01:03:16",419093300,18.94535,72.86298,0.0,0.0,511,9253557,"OFFSHORE SUPPORTER","AVCZ",90,18,38,10,4,4.0,"P & V","05-26 07:00"
"2018-10-23 01:03:17",419566000,18.94159,72.84085,289.3,0.0,196,0,"","",0,0,0,0,0,0.0,"","00-00 24:60"
"2018-10-23 01:03:17",419901776,18.95780,72.85086,123.6,0.0,123,0,"OM MALLIKARJUN","8WIP",30,15,5,4,4,0.0,"","00-00 24:60"
"2018-10-23 01:03:17",477759700,18.92152,72.87137,213.9,11.9,213,9535149,"MOL GRANDEUR","VRIQ8",74,199,76,20,20,12.0,"LKCMB","10-25 14:30"
"2018-10-23 01:03:18",419055600,18.94573,72.85692,265.1,0.2,197,9142679,"ANTAREJA            ","AUIA   ",33,24,23,5,6,2.8,"MUMBAI              ","09-26 08:00"
"2018-10-23 01:03:18",419322000,18.93065,72.86048,137.0,0.0,334,8316766,"SAMUDRA SHAUDHIKAMA ","VWSK   ",99,10,25,4,4,2.4,"MUMBAI              ","08-18 13:00"
"2018-10-23 01:03:19",419074100,18.95486,72.85388,152.8,0.1,511,8924563,"MEENAKSHI           ","AUSM   ",99,0,0,0,0,2.0,"MUMBAI              ","07-03 10:08"
"2018-10-23 01:03:19",419611000,18.90391,72.87251,314.9,0.0,511,7724746,"SEAMELODY","AUNA",52,12,42,2,9,3.6,"MUMB","10-13 18:00"
"2018-10-23 01:03:21",419001050,18.92574,72.86917,316.7,0.1,194,9169354,"TAG 19              ","AWMM   ",70,12,54,12,4,5.8,"NHAVA               ","07-18 08:00"
"2018-10-23 01:03:22",419000127,18.92666,72.86240,1.4,0.0,199,9547269,"SCI URJA            ","AVFW   ",99,10,56,4,12,4.8,"MUMBAIHIGH NORTH    ","07-30 18:30"
"2018-10-23 01:03:22",419000860,18.93338,72.86688,291.9,0.0,187,0,"","",0,0,0,0,0,0.0,"","00-00 24:60"
"2018-10-23 01:03:24",419000339,18.91521,72.91107,173.6,0.0,234,0,"T203                ","AVMZ   ",90,5,8,2,2,0.9,"=                   ","00-00 24:60"
"2018-10-23 01:03:24",419001353,18.93928,72.91400,266.8,4.7,268,0,"","",0,0,0,0,0,0.0,"","00-00 24:60"
"2018-10-23 01:03:25",304921000,18.93598,72.84455,8.5,1.2,179,9487213,"HANNAH S","V2GX9",79,150,39,17,15,10.1,"MUMBAI","10-20 06:30"
"2018-10-23 01:03:25",419001069,18.95678,72.86175,212.0,0.1,511,0,"","",0,0,0,0,0,0.0,"","00-00 24:60"
"2018-10-23 01:03:26",419000721,18.93369,72.86884,344.9,0.0,186,9630456,"TAG12               ","AWAA   ",0,11,58,11,5,5.4,"BFL                 ","09-11 14:00"
"2018-10-23 01:03:27",419060900,18.94372,72.84133,153.0,0.0,192,9371880,"TAG MAMTA           ","AULD   ",52,15,21,7,3,3.8,"MUMBAI              ","11-07 01:00"
"2018-10-23 01:03:27",419901822,18.90803,72.82561,88.1,0.0,88,0,"ANGARIKA","8WKJ",30,14,5,4,4,0.0,"","00-00 24:60"
"2018-10-23 01:03:27",419000294,18.92681,72.86435,286.9,0.0,203,9547233,"SCI PAWAN           ","AVLI   ",90,20,46,5,11,5.0,"MUMBAI              ","10-19 18:00"
"2018-10-23 01:03:28",419047300,18.95655,72.84838,0.0,0.0,511,8873439,"MV RAAVI","AUEJ",90,0,34,0,7,1.5,"MUMBAI","05-27 10:00"
"2018-10-23 01:03:29",419589000,18.94047,72.85817,26.3,0.0,511,8421559,"OCEAN VIKING        ","AUML   ",52,12,21,4,6,3.8,"AT ANCHOR           ","10-19 11:00"
"2018-10-23 01:03:31",419076800,18.94719,72.86119,129.2,0.0,511,9510163," OFFSHORE RUNNER    ","AURQ   ",90,8,39,7,3,2.5,"TAPTI               ","05-28 16:00"
"2018-10-23 01:03:31",419000694,18.92791,72.84301,127.6,6.3,511,0,"T239","AVYY",99,0,0,0,0,0.0,"","00-00 24:60"
"2018-10-23 01:03:32",419001057,18.94300,72.86533,113.2,0.0,211,9215531,"SEAWAYS 9 ","AWMT   ",0,5,30,5,6,4.0,"MUMBAI:::: ","05-22 07:00"
"2018-10-23 01:03:33",419100037,18.92717,72.83860,360.0,0.0,511,0,"","",0,0,0,0,0,0.0,"","00-00 24:60"
"2018-10-23 01:03:33",419017300,18.89653,72.85418,209.0,9.5,217,10267904,"DCI DREDGE_16","VWXU",90,30,92,11,9,0.0,"","00-00 00:00"
"2018-10-23 01:03:34",419001117,18.92811,72.86806,137.4,0.1,174,9126039,"TAG 20              ","AWPB   ",70,21,67,9,9,5.0,"BFL                 ","08-30 14:00"
"2018-10-23 01:03:35",419000185,18.93700,72.84433,2.0,1.3,511,9603582,"TAGRAJVIR","AVHZ",0,0,0,0,0,0.0,"","00-00 00:00"
"2018-10-23 01:03:35",419000791,18.95487,72.85394,144.2,0.1,511,8849361,"VMS 21              ","AWCR   ",90,175,13,15,15,1.5,"MUMBAI              ","12-02 02:00"
"2018-10-23 01:03:36",419900905,18.90155,72.86439,156.1,0.0,511,0,"M.V.JAL SHAKTI 1","",70,0,0,0,0,0.0,"","00-00 24:60"
"2018-10-23 01:03:38",356799000,18.92674,72.69080,49.6,0.1,311,9583146,"SAGAR MOTI          ","3FLZ3  ",70,168,22,21,11,6.3,"MUMBAIPLA           ","10-21 05:30"
"2018-10-23 01:03:40",565653000,18.94137,72.90885,75.0,9.3,81,9326421,"WAN HAI 509         ","9VJJ7  ",70,209,59,11,21,12.3,"NSA                 ","10-23 06:30"
"2018-10-23 01:03:42",419901305,18.95087,72.86641,112.3,2.9,511,0,"M.V. SHARAVATI","8TYC",70,55,15,6,7,3.5,"MUMBAI","03-27 00:00"
"2018-10-23 01:03:42",419000346,18.93962,72.84341,104.1,0.1,511,8216552,"MV SUMAYLA ONE","AVNG",90,11,49,3,9,3.2,"MUMBAI PLT STN","10-22 06:00"
"2018-10-23 01:03:42",419001070,18.91039,72.86075,211.7,7.3,211,9724398,"CREST MERCURY ONE   ","AWNG   ",52,8,57,11,5,5.0,"BFL                 ","10-22 05:00"
"2018-10-23 01:03:43",616443000,18.94651,72.84421,0.0,0.0,187,0,"ASHENA              ","D6DG7  ",37,12,34,4,5,4.5,"MUMBAI              ","03-08 12:30"
"2018-10-23 01:03:43",419001104,18.92786,72.84731,83.2,5.6,95,412000045,"WARSHIP 412        ","AWOO",0,18,30,4,4,0.0,"","00-00 24:60"
"2018-10-23 01:03:44",419093700,18.93482,72.26759,223.9,0.1,37,0,"","",0,0,0,0,0,0.0,"","00-00 24:60"
"2018-10-23 01:03:45",419001002,18.93486,72.86030,325.3,0.0,182,0,"","",0,0,0,0,0,0.0,"","00-00 24:60"
"2018-10-23 01:03:45",419001364,18.93142,72.86627,294.0,0.0,180,9299082,"PRIYA TWENTY THREE  ","AWYL   ",90,17,50,7,8,4.4,"MUMBAI              ","10-06 16:00"
"2018-10-23 01:03:46",419059400,18.94080,72.85760,89.0,0.0,511,8217568,"OCEAN CREST         ","AUJV   ",52,10,26,3,7,3.9,"P&V MUMBAI ANCHORAGE","10-21 21:00"
"2018-10-23 01:03:46",419701000,18.88575,72.84673,209.1,6.6,208,9471939,"OCEAN     DIAMOND   ","AUUF   ",90,10,60,11,6,4.4,"PILOT STN           ","10-22 21:30"
"2018-10-23 01:03:46",419093300,18.94535,72.86298,0.0,0.0,511,9253557,"OFFSHORE SUPPORTER","AVCZ",90,18,38,10,4,4.0,"P & V","05-26 07:00"
"2018-10-23 01:03:46",419000225,18.90900,72.87842,59.6,0.1,10,8222151,"VARAPRADA           ","AVJL   ",52,10,57,8,8,3.6,"ANGREA              ","10-06 06:00"
"2018-10-23 01:03:47",419088600,18.92944,72.86113,276.5,0.0,511,9428566,"PFS COURAGE         ","AVBG   ",52,8,55,2,13,4.4,"MUMBAI              ","10-19 22:00"
"2018-10-23 01:03:47",419901772,18.95745,72.85071,304.2,0.0,304,0,"SAIRAM","8WIL",30,9,4,2,2,0.0,"","00-00 24:60"
"2018-10-23 01:03:47",477759700,18.92010,72.87050,210.0,12.0,210,9535149,"MOL GRANDEUR","VRIQ8",74,199,76,20,20,12.0,"LKCMB","10-25 14:30"
"2018-10-23 01:03:48",419055600,18.94588,72.85696,10.4,1.4,183,9142679,"ANTAREJA            ","AUIA   ",33,24,23,5,6,2.8,"MUMBAI              ","09-26 08:00"
"2018-10-23 01:03:48",419322000,18.93065,72.86048,137.0,0.0,334,8316766,"SAMUDRA SHAUDHIKAMA ","VWSK   ",99,10,25,4,4,2.4,"MUMBAI              ","08-18 13:00"
"2018-10-23 01:03:49",419074100,18.95486,72.85388,187.0,0.0,511,8924563,"MEENAKSHI           ","AUSM   ",99,0,0,0,0,2.0,"MUMBAI              ","07-03 10:08"
"2018-10-23 01:03:50",419001175,18.91601,72.91137,360.0,0.0,210,0,"MODAK","AWRH",0,0,0,0,0,2.3,"MUMBAI","01-01 00:00"
"2018-10-23 01:03:51",419001050,18.92571,72.86919,316.7,0.1,194,9169354,"TAG 19              ","AWMM   ",70,12,54,12,4,5.8,"NHAVA               ","07-18 08:00"
"2018-10-23 01:03:52",419901776,18.95780,72.85086,123.6,0.0,123,0,"OM MALLIKARJUN","8WIP",30,15,5,4,4,0.0,"","00-00 24:60"
"2018-10-23 01:03:55",304921000,18.93616,72.84453,353.6,1.2,179,9487213,"HANNAH S","V2GX9",79,150,39,17,15,10.1,"MUMBAI","10-20 06:30"
"2018-10-23 01:03:55",419000339,18.91521,72.91107,173.1,0.0,234,0,"T203                ","AVMZ   ",90,5,8,2,2,0.9,"=                   ","00-00 24:60"
"2018-10-23 01:03:55",419001353,18.93939,72.91327,281.8,5.1,277,0,"","",0,0,0,0,0,0.0,"","00-00 24:60"
"2018-10-23 01:03:57",563609000,18.90476,72.87631,304.6,0.0,233,9740249,"LANPAN 33           ","9V2756 ",32,18,36,6,8,5.1,"MUMBAI INDIA        ","10-21 10:00"
"2018-10-23 01:03:57",419000294,18.92682,72.86435,286.9,0.0,204,9547233,"SCI PAWAN           ","AVLI   ",90,20,46,5,11,5.0,"MUMBAI              ","10-19 18:00"
"2018-10-23 01:03:58",419047300,18.95655,72.84838,0.0,0.0,511,8873439,"MV RAAVI","AUEJ",90,0,34,0,7,1.5,"MUMBAI","05-27 10:00"
"2018-10-23 01:03:59",419001201,18.92469,72.86397,78.6,0.1,180,8304799,"WILCHIEF 1          ","AWSF   ",39,45,35,9,9,5.5,"MUMBAI              ","08-01 10:30"
